Model,SegmentType,Segment,Policies,Claims,ObservedClaimAmount,PredictedClaimAmount,ObservedSeverity,PredictedSeverity,ObservedToExpectedRatio,EligibleForComparison
Constant severity baseline,Area,A,617,638,1859538.43,1446997.4371482625,2914.6370376175546,2268.021061360913,1.2851013984273336,True
Constant severity baseline,Area,B,513,537,1263560.33,1217927.3099508102,2352.998752327747,2268.021061360913,1.0374677697727568,True
Constant severity baseline,Area,C,1303,1377,2513648.32,3123065.001493977,1825.4526652142338,2268.021061360913,0.8048658349402106,True
Constant severity baseline,Area,D,1240,1314,2491522.19,2980179.6746282396,1896.135608828006,2268.021061360913,0.8360308645856405,True
Constant severity baseline,Area,E,1168,1257,3206851.49,2850902.4741306673,2551.1945027844076,2268.021061360913,1.1248548552955582,True
Constant severity baseline,Area,F,148,156,195709.12,353811.2855723024,1254.545641025641,2268.021061360913,0.5531454986898835,True
Constant severity baseline,VehGas,'Diesel',2509,2656,6240337.7299999995,6023863.938974584,2349.5247477409634,2268.021061360913,1.0359360359427814,True
Constant severity baseline,VehGas,'Regular',2480,2623,5290492.15,5949019.243949674,2016.96231414411,2268.021061360913,0.8893049312927648,True
Constant severity baseline,VehBrand,B1,1268,1336,2561661.7399999998,3030076.1379781794,1917.411482035928,2268.021061360913,0.8454116739486521,True
Constant severity baseline,VehBrand,B10,154,158,274750.83,358347.32769502426,1738.9293037974685,2268.021061360913,0.7667165589520734,True
Constant severity baseline,VehBrand,B11,141,151,1189861.09,342471.1802654978,7879.874768211921,2268.021061360913,3.4743393271152643,True
Constant severity baseline,VehBrand,B12,755,834,2144670.61,1891529.5651750013,2571.547494004796,2268.021061360913,1.1338287539806857,True
Constant severity baseline,VehBrand,B13,102,107,162632.13,242678.2535656177,1519.926448598131,2268.021061360913,0.6701553501827305,True
Constant severity baseline,VehBrand,B14,19,21,16516.69,47628.44228857917,786.5090476190476,2268.021061360913,0.346782074037314,False
Constant severity baseline,VehBrand,B2,1298,1363,2647418.62,3091312.7066349243,1942.3467498165812,2268.021061360913,0.856405957998947,True
Constant severity baseline,VehBrand,B3,486,512,1092448.58,1161226.7834167874,2133.6886328125,2268.021061360913,0.94077108416806,True
Constant severity baseline,VehBrand,B4,216,224,393460.01,508036.7177448445,1756.5179017857142,2268.021061360913,0.7744716006877493,True
Constant severity baseline,VehBrand,B5,307,318,632073.25,721230.6975127703,1987.6517295597484,2268.021061360913,0.8763815131271618,True
Constant severity baseline,VehBrand,B6,243,255,415336.33,578345.3706470327,1628.7699215686275,2268.021061360913,0.7181458538093529,True
Constant severity baseline,DrivAgeBand,Under 21,132,144,288827.96,326595.03283597145,2005.7497222222223,2268.021061360913,0.8843611536035225,True
Constant severity baseline,DrivAgeBand,21-24,261,286,785025.73,648654.0235492211,2744.8452097902095,2268.021061360913,1.2102379720156484,True
Constant severity baseline,DrivAgeBand,25-29,421,450,787632.56,1020609.4776124108,1750.294577777778,2268.021061360913,0.7717276561477449,True
Constant severity baseline,DrivAgeBand,30-39,1089,1143,2400249.45,2592348.0731355236,2099.9557742782154,2268.021061360913,0.9258978278703236,True
Constant severity baseline,DrivAgeBand,40-49,1249,1309,3305942.54,2968839.569321435,2525.5481588999237,2268.021061360913,1.1135470485377605,True
Constant severity baseline,DrivAgeBand,50-59,1022,1088,2135123.55,2467606.9147606734,1962.4297334558821,2268.021061360913,0.8652608068279302,True
Constant severity baseline,DrivAgeBand,60-69,466,491,955821.97,1113598.3411282082,1946.6842566191444,2268.021061360913,0.8583184211927238,True
Constant severity baseline,DrivAgeBand,70-79,256,271,502147.15,614633.7076288074,1852.9415129151291,2268.021061360913,0.8169860256074,True
Constant severity baseline,DrivAgeBand,80+,93,97,370058.97,219998.04295200855,3815.040927835051,2268.021061360913,1.6821011906943484,False
Constant severity baseline,VehAgeBand,0,212,225,401782.59,510304.7388062054,1785.7004000000002,2268.021061360913,0.7873385439059816,True
Constant severity baseline,VehAgeBand,1-2,877,941,2524626.15,2134207.818740619,2682.9183315621676,2268.021061360913,1.1829336055425774,True
Constant severity baseline,VehAgeBand,3-5,1023,1083,2626129.57,2456266.809453869,2424.865715604801,2268.021061360913,1.0691548490955258,True
Constant severity baseline,VehAgeBand,6-10,1473,1567,3477162.4699999997,3553989.0031525507,2218.9932801531586,2268.021061360913,0.9783830132607607,True
Constant severity baseline,VehAgeBand,11-15,1091,1136,2003567.03,2576471.925705997,1763.7033714788734,2268.021061360913,0.7776397677808924,True
Constant severity baseline,VehAgeBand,16-20,282,296,453860.89,671334.2341628302,1533.3138175675676,2268.021061360913,0.6760580153728871,True
Constant severity baseline,VehAgeBand,21+,31,31,43701.18,70308.6529021883,1409.7154838709678,2268.021061360913,0.6215619016452502,False
Constant severity baseline,BonusMalusBand,Below 60,2760,2894,6064556.13,6563652.951578482,2095.5618970283344,2268.021061360913,0.9239605102127688,True
Constant severity baseline,BonusMalusBand,60-69,676,718,1943567.81,1628439.1220571354,2706.918955431755,2268.021061360913,1.1935157929298434,True
Constant severity baseline,BonusMalusBand,70-79,413,439,978444.0399999999,995661.2459374408,2228.8019134396354,2268.021061360913,0.9827077673177583,True
Constant severity baseline,BonusMalusBand,80-89,305,319,653920.47,723498.7185741313,2049.9074294670845,2268.021061360913,0.9038308613576319,True
Constant severity baseline,BonusMalusBand,90-99,357,381,793787.77,864116.0243785079,2083.432467191601,2268.021061360913,0.9186124867559429,True
Constant severity baseline,BonusMalusBand,100-109,299,335,686900.29,759787.0555559058,2050.448626865672,2268.021061360913,0.9040694823333395,True
Constant severity baseline,BonusMalusBand,110-129,154,165,362278.04,374223.47512455063,2195.624484848485,2268.021061360913,0.9680794073098302,True
Constant severity baseline,BonusMalusBand,130-149,15,16,29947.32,36288.336981774606,1871.7075,2268.021061360913,0.8252601935172915,False
Constant severity baseline,BonusMalusBand,150+,10,12,17428.010000000002,27216.252736330956,1452.3341666666668,2268.021061360913,0.6403530334922032,False
