IDpol,Exposure,HasClaim,PredictedClaimProbability,PredictedClaimDefaultThreshold,PredictedClaimSelectedThreshold
4131011,0.75,0,0.17665350150186648,0,1
2217797,0.08,0,0.17531987348014114,0,1
6111532,0.54,0,0.17507301657809252,0,1
2184304,0.84,1,0.17178018835832268,0,1
1118498,0.73,1,0.16302641976809226,0,1
4017318,0.7,0,0.15337518007106973,0,1
4034672,0.58,0,0.1526369247465599,0,1
176602,0.44,0,0.14150481770445006,0,1
6095587,0.38,0,0.14004643505009207,0,1
6096332,0.38,0,0.13761150382005038,0,1
159722,0.27,0,0.13718260732884072,0,1
42067,0.68,0,0.13612873723662522,0,1
2022819,0.94,0,0.13439031442090466,0,1
3024063,0.34,0,0.1341183545210396,0,1
4159606,1.0,0,0.1315495985944366,0,1
4074418,0.78,0,0.13037718418566552,0,1
4045819,0.94,0,0.12851067196705013,0,1
152339,1.0,0,0.1277760850541213,0,1
6020441,0.7,0,0.12716000054065452,0,1
3071821,0.93,0,0.12557442059992752,0,1
6100623,0.54,1,0.12552978537099943,0,1
3044701,0.77,0,0.1234692632142303,0,1
2143530,0.43,0,0.12265613770239502,0,1
4144226,1.0,1,0.1222463472289111,0,1
2106288,0.93,0,0.12195585978592118,0,1
4148839,0.67,0,0.12146908934138302,0,1
1111198,0.83,0,0.12126467567147475,0,1
168820,0.94,1,0.12065944246813504,0,1
4013510,0.36,0,0.1200825886581799,0,1
4127787,0.95,1,0.11990360437860657,0,1
4144358,0.79,1,0.11959470396677564,0,1
4054254,0.62,0,0.11937170250119979,0,1
3064594,0.9,1,0.11877823407186802,0,1
74265,0.67,0,0.11849762859969264,0,1
4169681,1.0,0,0.11754737463978171,0,1
3156450,1.0,0,0.11658727480746103,0,1
4164772,0.74,0,0.11556415999684397,0,1
1109862,0.47,0,0.11345474931048197,0,1
4129498,1.0,0,0.11260585796556051,0,1
2212339,0.61,0,0.11140360766570483,0,1
2130297,0.83,1,0.11086735658826055,0,1
1059810,0.91,0,0.11053487629668504,0,1
3044556,0.71,0,0.10958875467235484,0,1
4142210,0.5,0,0.10936918545769149,0,1
4183427,0.42,0,0.10881123157377422,0,1
4036118,0.65,1,0.1080651819723408,0,1
3027438,0.36,0,0.1079425197717813,0,1
6111708,0.52,0,0.10784957090707098,0,1
4043286,0.51,0,0.10758211671553174,0,1
1097408,1.0,0,0.10749353996743786,0,1
1029162,1.0,1,0.10735142119126365,0,1
2109336,1.0,1,0.10706359301675653,0,1
133687,0.49,0,0.1069366332236221,0,1
3021321,0.95,0,0.1060639578827028,0,1
1057644,1.0,0,0.10559528456104689,0,1
52342,0.09,0,0.1055428533569917,0,1
2204720,1.0,0,0.10505450834226726,0,1
151082,1.0,0,0.10397549777607366,0,1
4022879,0.2,0,0.10338786222845814,0,1
79764,1.0,0,0.10315728811758196,0,1
6100506,0.32,0,0.10179295546222607,0,1
1019317,1.0,0,0.10135380167190078,0,1
110854,0.68,0,0.10073458365594114,0,1
5061880,0.32,0,0.10062541065251696,0,1
2000323,0.74,0,0.10031359890726253,0,1
4040580,0.84,0,0.10005867865207481,0,1
4169060,1.0,0,0.10004892119455826,0,1
3003078,0.71,0,0.09995644241522346,0,1
3168904,0.89,0,0.09985447305973011,0,1
2276095,0.5,0,0.09970715144853078,0,1
3064501,1.0,0,0.09939776446546811,0,1
4149427,1.0,0,0.09927285502777135,0,1
1021777,0.74,0,0.09911788398177092,0,1
3049280,1.0,0,0.0985249711882771,0,1
3198104,0.89,1,0.09740442987732083,0,1
4178530,1.0,0,0.09656522069193918,0,1
1108596,0.98,0,0.09654770590846083,0,1
21854,1.0,1,0.09654214059310197,0,1
4115656,1.0,0,0.0964407177204886,0,1
93494,1.0,0,0.09643423831876687,0,1
2268205,0.96,0,0.0963299546967633,0,1
2255480,0.49,0,0.09614692339396735,0,1
166692,1.0,0,0.0958110148263192,0,1
3055886,0.76,1,0.09495817001681787,0,1
2271098,0.5,0,0.0943353947683358,0,1
49588,0.89,1,0.09394174222181532,0,1
2140879,0.7,0,0.09363051863717312,0,1
4174076,1.0,0,0.09336352857042955,0,1
1003733,0.87,0,0.09334212193576066,0,1
3143031,1.0,0,0.09325805935731657,0,1
4033449,0.22,0,0.09309208679918742,0,1
1186047,0.94,0,0.09270049872734092,0,1
1015258,0.37,0,0.09223963965944719,0,1
1024801,1.0,0,0.09178640372309343,0,1
5090562,0.81,0,0.09127611075090655,0,1
4154822,1.0,0,0.09114678673382604,0,1
3047289,1.0,0,0.0909357066250247,0,1
76243,0.45,0,0.09022668224105411,0,1
3163289,0.97,0,0.09008114177402705,0,1
4179114,1.0,1,0.08996085803740139,0,1
5084829,0.71,0,0.08991153570045428,0,1
2256768,1.0,0,0.0898372504308217,0,1
4150679,1.0,0,0.08971833384951211,0,1
1021198,1.0,0,0.08937268224239074,0,1
2048769,0.86,0,0.08926718572344441,0,1
3157382,0.92,0,0.08924951257071585,0,1
2067685,0.95,1,0.08920686385645141,0,1
4164738,0.31,0,0.08915193967734991,0,1
5066820,0.9,0,0.08884177221404728,0,1
145448,0.83,0,0.08875039280876398,0,1
2191740,1.0,1,0.08861170658076457,0,1
1185425,0.93,0,0.08847501721633708,0,1
3086517,1.0,0,0.08840912151045252,0,1
2103421,1.0,0,0.0883952259826739,0,1
4120005,1.0,1,0.08826900245232268,0,1
79822,1.0,0,0.08802331160451536,0,1
76629,0.86,0,0.0877067461113587,0,1
96972,0.71,0,0.08762374195244045,0,1
2120732,0.86,0,0.0874495906662727,0,1
5050568,0.75,0,0.08742890218548469,0,1
137038,0.59,0,0.08716242799786471,0,1
4144742,0.56,0,0.08699584302058884,0,1
4072507,0.7,0,0.08685862621072621,0,1
1193751,0.44,0,0.0863244575129978,0,1
3075693,1.0,0,0.08609370708185529,0,1
3181682,1.0,0,0.08597496002358176,0,1
26354,0.48,0,0.08594337827659014,0,1
6097023,0.33,0,0.08576984350152544,0,1
4139220,1.0,0,0.08575393164193608,0,1
3174542,0.54,0,0.08563906529662454,0,1
2123285,1.0,0,0.08557275242855829,0,1
4168448,1.0,0,0.08537765833331076,0,1
3142856,1.0,0,0.08531778744065954,0,1
150020,1.0,0,0.0852827252324307,0,1
4124232,1.0,0,0.08499564462916316,0,1
1038846,1.0,0,0.0849664925326587,0,1
1192243,0.94,0,0.08489621125835789,0,1
3047780,1.0,0,0.08445152211717785,0,1
6093802,0.28,0,0.08426891970989782,0,1
4155739,1.0,0,0.08415752714353737,0,1
2007051,0.7,0,0.0840822061458134,0,1
19869,1.0,1,0.0838678191000361,0,1
3142911,0.65,0,0.0837008935046512,0,1
2049067,1.0,0,0.0835858209512555,0,1
4187719,1.0,0,0.0835622174673955,0,1
135711,0.75,0,0.08348299920222425,0,1
2002857,0.74,0,0.0833787171868978,0,1
1004012,0.87,0,0.08319067191469312,0,1
6092898,0.45,1,0.08317482133603019,0,1
3151661,0.86,0,0.08298023542293484,0,1
3155169,1.0,0,0.08293295392394745,0,1
6036024,0.64,1,0.08286759437817902,0,1
4045120,0.39,0,0.08275610050830395,0,1
1185210,0.89,0,0.08262023277049148,0,1
5061128,0.45,0,0.08248493378920711,0,1
5065018,0.82,0,0.08242267688149467,0,1
5042247,0.92,0,0.08240666748541528,0,1
2124729,0.4,0,0.08239041034914917,0,1
1178785,0.68,0,0.08230315046797301,0,1
4174766,1.0,0,0.08228569350736062,0,1
4146288,1.0,0,0.08217558386222713,0,1
36082,0.63,0,0.08197688851737418,0,1
4150834,1.0,0,0.08188459118679403,0,1
1014417,0.55,0,0.08177389128009468,0,1
1139411,1.0,0,0.08176595883632855,0,1
5072079,0.61,0,0.0817384475964075,0,1
130821,1.0,0,0.08159512573633208,0,1
3177961,1.0,0,0.08147926304688663,0,1
141332,0.5,0,0.08140176420924,0,1
1003096,0.28,0,0.08138711299532721,0,1
4140644,1.0,0,0.0812191029961935,0,1
4140943,1.0,0,0.08091405235511788,0,1
4142096,1.0,0,0.08086189380459746,0,1
1097129,1.0,0,0.08079173775630205,0,1
3177407,0.9,0,0.08063182663265907,0,1
4174996,1.0,0,0.08057976781422155,0,1
6033466,0.53,0,0.08055758054352231,0,1
2204339,1.0,0,0.08044435351961919,0,1
4167631,0.93,0,0.0804431458716999,0,1
6975,0.4,1,0.08032805039074342,0,1
1117481,1.0,0,0.08027013920359603,0,1
3019937,0.95,0,0.08007833204752653,0,1
2267940,0.5,0,0.080052496852394,0,1
2083728,1.0,0,0.07993696824705541,0,1
147036,0.54,0,0.0796922207685063,0,1
1195054,1.0,0,0.07951112723288546,0,1
4163095,1.0,0,0.07918100296488735,0,1
2215173,0.49,0,0.07913334420476655,0,1
3022413,0.96,0,0.07904024571378009,0,1
1000169,0.87,0,0.07897457179585025,0,1
2035859,0.13,0,0.07863048428455106,0,1
5091273,0.79,0,0.07860657727803104,0,1
2090799,0.86,0,0.07855824261539202,0,1
2190244,1.0,0,0.07855740283039682,0,1
1044156,0.22,0,0.0783427901125306,0,1
5090611,0.1,0,0.07833788515459145,0,1
4136506,0.79,0,0.07829186680159045,0,1
3075756,1.0,0,0.0782484767987206,0,1
2088565,0.79,0,0.07821034193215401,0,1
4085936,0.71,0,0.0781975710936399,0,1
2166541,0.42,0,0.07816942103837432,0,1
1082463,1.0,0,0.07809541806037981,0,1
61030,1.0,0,0.07804118398078715,0,1
17291,1.0,1,0.07799341982065729,0,1
3046104,1.0,0,0.07783951632004205,0,1
3004207,0.45,0,0.07770299525940307,0,1
3087007,1.0,0,0.07764737253815847,0,1
1036679,1.0,0,0.07759579877467385,0,1
2010956,0.96,0,0.07757556538787037,0,1
130893,1.0,0,0.07748203471802603,0,1
3149881,0.51,0,0.07745867562548986,0,1
3178982,1.0,0,0.0773157372219313,0,1
3168666,1.0,0,0.07727175815185475,0,1
2088886,1.0,0,0.0772314713444372,0,1
62776,0.72,0,0.0769138889949978,0,1
2136151,0.98,0,0.07687317398334532,0,1
22700,1.0,1,0.07682666724135159,0,1
5078220,0.96,0,0.07677825154866758,0,1
101177,0.96,0,0.07676523101830784,0,1
5018528,0.87,0,0.07660795764428277,0,1
2010534,0.96,0,0.07654402113304927,0,1
1163812,1.0,0,0.07653199237928124,0,1
1062806,1.0,0,0.07647511079378581,0,1
2215159,0.49,0,0.07627733780001579,0,1
2004478,0.54,0,0.07623852090512687,0,1
136739,1.0,0,0.07617346427482873,0,1
5028585,0.49,0,0.07615386853358433,0,1
57205,1.0,0,0.07606591594066282,0,1
4186585,1.0,0,0.07598958254941457,0,1
168113,1.0,0,0.07590145446996839,0,1
1107608,0.38,0,0.07580494935019406,0,1
152113,0.86,0,0.07573510232258802,0,1
1096401,1.0,0,0.07569117984315105,0,1
5053681,0.66,0,0.07568692810781981,0,1
2286312,0.58,0,0.07555296571817759,0,1
5086110,0.61,0,0.07547198690640929,0,1
2072378,0.83,0,0.07545148380130201,0,1
2106400,1.0,1,0.07539869541209127,0,1
1104946,0.7,0,0.07526957715389154,0,1
2203920,0.58,0,0.07522416399142488,0,1
4160199,1.0,0,0.07519108257187666,0,1
4124735,1.0,0,0.07516944418159262,0,1
3029238,0.45,0,0.07512438398560235,0,1
1179046,0.45,0,0.07506292221572684,0,1
2268348,0.31,0,0.07505874735857483,0,1
2202050,1.0,0,0.07502813229514148,0,1
173464,1.0,0,0.07495774201347118,0,1
1113189,0.96,0,0.07494232447192295,0,1
1081376,1.0,0,0.0749302180360435,0,1
1020259,0.77,0,0.07491917095704266,0,1
4153226,0.67,0,0.074841096336055,0,1
84458,0.39,0,0.0747429782524763,0,1
4179348,0.64,0,0.0746898212981192,0,1
4062268,0.3,0,0.07467843630319332,0,1
3044456,0.78,0,0.07464511320317187,0,1
3010110,0.96,0,0.07458509445224958,0,1
4036041,0.66,0,0.07447276298896895,0,1
4030160,0.57,0,0.07423385120143483,0,1
4122251,1.0,0,0.07423187002154458,0,1
4130832,1.0,0,0.07410455049995922,0,1
2121073,0.44,0,0.07398033693698784,0,1
3021147,0.95,0,0.07394696402425427,0,1
4887,0.47,1,0.07387460093415006,0,1
1158679,1.0,0,0.07376924731778359,0,1
154958,1.0,0,0.07376602404293964,0,1
4136634,1.0,0,0.07369450211402603,0,1
3156924,0.24,0,0.07350689454709398,0,1
3119332,1.0,0,0.07346151673591436,0,1
2207554,1.0,0,0.073423542887473,0,1
2067922,1.0,0,0.07340797980659873,0,1
3213498,0.58,0,0.07339557893300482,0,1
2111115,0.95,0,0.07336644899281186,0,1
91024,0.56,0,0.07334516411421722,0,1
25253,1.0,0,0.07302360157372625,0,1
3165307,0.88,0,0.07301877333985521,0,1
2023738,0.86,0,0.07295782349782325,0,1
6055115,0.39,0,0.07276651856175291,0,1
2205323,1.0,0,0.07275181787205438,0,1
3036439,0.38,0,0.07274894420811542,0,1
1113982,1.0,0,0.072721806234129,0,1
62744,0.76,0,0.07265539360535861,0,1
1180608,1.0,0,0.07262262452408035,0,1
2189514,1.0,0,0.07257783220219761,0,1
4156168,1.0,0,0.07257358713602508,0,1
3206083,1.0,0,0.07253825602587909,0,1
1025174,1.0,0,0.07253378207821667,0,1
1170208,1.0,0,0.07250368293816797,0,1
6091975,0.52,0,0.072438774166496,0,1
3213653,0.18,0,0.07240748771299706,0,1
3181723,1.0,0,0.07233246324261351,0,1
4151699,1.0,0,0.07230038626648377,0,1
3007942,0.78,0,0.07229055382435279,0,1
2195432,1.0,0,0.07218402084947317,0,1
1023326,1.0,0,0.07214966839004057,0,1
2211424,1.0,0,0.07213495074130413,0,1
4162581,1.0,0,0.07195378590211335,0,1
2211327,1.0,0,0.07193355298326709,0,1
3039787,0.78,0,0.07177250973444864,0,1
1181136,0.5,0,0.07172493397069146,0,1
3012880,0.8,0,0.07169199327678086,0,1
4161751,0.92,0,0.07164488810257909,0,1
21465,1.0,1,0.07161228813509493,0,1
119791,0.15,0,0.07153231516223273,0,1
1089829,1.0,0,0.07152641876716051,0,1
42088,0.81,0,0.07144212994384903,0,1
4122945,1.0,0,0.07131673464351349,0,1
4183066,0.33,0,0.07112997366777835,0,1
2189008,1.0,1,0.07109523725766363,0,1
3003371,0.51,0,0.07101391485597987,0,1
1169358,1.0,0,0.0709336752646523,0,1
4164519,0.35,0,0.07087882760945259,0,1
4030233,0.57,0,0.07073153657142868,0,1
4139726,0.76,0,0.07072985897689187,0,1
114232,0.25,0,0.07071003998147163,0,1
2182829,1.0,0,0.07069956658982687,0,1
2078129,1.0,0,0.07063827934191792,0,1
4139591,1.0,0,0.07062107222757188,0,1
70672,1.0,0,0.07059308264727644,0,1
125412,0.47,0,0.07058459215146932,0,1
3168309,1.0,0,0.07053453622909857,0,1
4153265,1.0,0,0.07049167958763651,0,1
1037424,0.86,0,0.07048568560298188,0,1
4040419,0.83,0,0.07047856885457704,0,1
4176673,1.0,0,0.0704500947584085,0,1
2276151,0.5,0,0.07037258028260948,0,1
2124986,0.61,0,0.07035479864594583,0,1
1063047,1.0,0,0.07029852530179337,0,1
4055880,0.54,0,0.0702066577961506,0,1
4171520,1.0,0,0.07019310458063227,0,1
2051023,1.0,0,0.07010458204126326,0,1
4161586,1.0,0,0.07010204298203594,0,1
4118198,0.82,0,0.07009125085814102,0,1
1090824,1.0,1,0.07004001621940156,0,1
147,0.05,1,0.06970484433035391,0,1
1046726,1.0,0,0.06945711768895904,0,1
2067712,1.0,0,0.06942209118761754,0,1
3058022,1.0,0,0.06925465353228077,0,1
2183598,1.0,0,0.06913656049874012,0,1
2062066,0.82,0,0.06910805762439325,0,1
3047123,1.0,0,0.06906998635607649,0,1
1189090,1.0,0,0.06906124691179509,0,1
5051816,0.72,0,0.06899908577144512,0,1
5105268,0.23,0,0.06894023763986584,0,1
3198136,1.0,0,0.06890993426581409,0,1
2027406,0.59,1,0.06883539702883298,0,1
1072354,0.35,0,0.06876261143504594,0,1
2108994,1.0,0,0.06862627966433062,0,1
2098554,1.0,0,0.06862075129631344,0,1
3044490,0.55,0,0.06842783443752465,0,1
3045361,0.38,0,0.06825357213682028,0,1
5040293,1.0,0,0.0681426907980108,0,1
1168941,1.0,0,0.06814117480729173,0,1
1151537,0.87,0,0.06809979136100326,0,1
6107320,0.66,0,0.06806448200369304,0,1
1047448,0.98,0,0.06798403644215456,0,1
4009708,0.96,0,0.06790848838421211,0,1
29711,0.36,0,0.06779600273967577,0,1
4003636,0.5,0,0.06776319983390701,0,1
4127377,1.0,0,0.0677607009473895,0,1
4158227,1.0,0,0.06772561523562388,0,1
3203218,1.0,0,0.06770972220338764,0,1
2129346,0.22,0,0.06770074853408288,0,1
2130102,1.0,0,0.0676858102553864,0,1
173420,0.78,0,0.06764816799233513,0,1
1051780,1.0,0,0.06764106900445994,0,1
2087884,1.0,0,0.06756776932972658,0,1
2120795,1.0,0,0.06748846694369054,0,1
3121938,1.0,0,0.06741951735989056,0,1
53318,0.27,0,0.06733935189845587,0,1
139320,1.0,0,0.06725381353784676,0,1
4137344,1.0,0,0.0672123593540048,0,1
4121582,0.94,0,0.06720127697573429,0,1
4065349,0.16,0,0.06709452254098434,0,1
3139058,0.61,0,0.06705817955095669,0,1
125673,1.0,0,0.06704982405533591,0,1
2264392,0.47,0,0.06701380939774564,0,1
1184123,0.61,0,0.06700678000220966,0,1
38663,1.0,0,0.0669738506272982,0,1
158827,1.0,0,0.0669641121469339,0,1
3213098,1.0,0,0.06688959940348946,0,1
4135113,1.0,0,0.0668390948513258,0,1
1077410,1.0,0,0.06683457019771792,0,1
2200043,1.0,0,0.06672167510243618,0,1
1083308,1.0,0,0.06662286282900168,0,1
2197633,1.0,0,0.06660520663480261,0,1
1067712,1.0,0,0.06653346652447356,0,1
4146643,0.79,0,0.06648784395234839,0,1
3054789,1.0,0,0.06646149424946352,0,1
3048427,1.0,0,0.06645696031505473,0,1
4173129,1.0,0,0.06645537046047936,0,1
1188767,0.88,0,0.06645408031904546,0,1
3038248,0.7,0,0.06639555186411857,0,1
3167735,0.75,0,0.0663821635520315,0,1
1095331,0.91,0,0.06637198170664074,0,1
4139529,1.0,0,0.06637169982003355,0,1
4179648,0.54,0,0.06635602697465195,0,1
4151331,1.0,0,0.06630282936032404,0,1
3151029,0.1,0,0.06624458194023151,0,1
4159037,0.78,0,0.06623783985044818,0,1
3060584,0.34,0,0.06620497237544996,0,1
75002,0.61,0,0.06617105889918104,0,1
1154158,1.0,0,0.06606560985972357,0,1
1084851,0.69,0,0.06600823886906267,0,1
2013919,0.28,0,0.0659880404912768,0,1
76197,1.0,0,0.06598416266333486,0,1
4085980,0.71,0,0.06595463945854652,0,1
2128034,1.0,0,0.0659490002346369,0,1
1138617,0.83,0,0.06593867314315714,0,1
3044743,0.4,0,0.06591679728711035,0,1
1191388,0.48,0,0.06590544180061624,0,1
4177911,1.0,0,0.06589200033316807,0,1
1181895,0.99,0,0.0658111292012657,0,1
3207186,1.0,0,0.06580229359368779,0,1
23878,0.38,1,0.06575189202524032,0,1
2258678,0.97,0,0.0657237472856002,0,1
1177585,1.0,0,0.06569978523423145,0,1
2285676,0.5,0,0.06568290507305613,0,1
5019024,0.8,0,0.06568085606149575,0,1
4122502,0.91,0,0.0655896864334096,0,1
42483,1.0,0,0.0655842445055315,0,1
4122691,1.0,0,0.06554616535732205,0,1
108593,0.53,0,0.06543928762902143,0,1
100507,0.59,0,0.06543459802138618,0,1
3102235,1.0,0,0.06541166168954433,0,1
3007445,0.7,0,0.06537960931738865,0,1
3179864,0.88,0,0.06534803528375066,0,1
164373,1.0,0,0.06522072678660436,0,1
3208775,1.0,0,0.06521593407658807,0,1
4080896,0.87,0,0.06519875888694418,0,1
3007099,0.68,0,0.06516858309736456,0,1
4148330,1.0,0,0.06516581120220326,0,1
3240297,0.16,0,0.06514899373666992,0,1
3152535,1.0,1,0.06511822742688853,0,1
3197308,1.0,0,0.06509464785421783,0,1
3030300,0.51,0,0.06507367638605903,0,1
6087604,0.68,0,0.06505171451897916,0,1
4185131,1.0,0,0.06504971371394423,0,1
2209808,0.22,0,0.06504293745523387,0,1
3150913,0.67,0,0.0649869203557808,0,1
3091053,1.0,0,0.06496217774181788,0,1
2065254,1.0,0,0.06483276962097685,0,1
4130734,0.49,0,0.06482439327467489,0,1
2207472,0.13,0,0.06480094576713744,0,1
4143534,1.0,0,0.06479643035865743,0,1
4157763,1.0,0,0.06472736597834403,0,1
4155621,1.0,0,0.06460299568166959,0,1
62426,1.0,0,0.0645491509081648,0,1
3140478,0.75,0,0.06451052738099923,0,1
1018367,0.49,0,0.06450782736956034,0,1
3197664,1.0,0,0.0644939812331343,0,1
642,0.74,1,0.06445829216217688,0,1
6099462,0.24,0,0.06436066131665953,0,1
2014067,0.28,0,0.06435906715826813,0,1
6067634,0.74,0,0.06434807281294608,0,1
1110119,1.0,1,0.06431046162955419,0,1
1076176,0.57,1,0.06418791949681936,0,1
167689,1.0,0,0.06418564576442028,0,1
1180343,1.0,0,0.06412202125387902,0,1
2012405,0.87,1,0.06411849508351605,0,1
2195901,0.83,0,0.06404829628130132,0,1
2184503,0.49,0,0.06401660419656406,0,1
137157,0.43,0,0.06396682743670895,0,1
2053731,0.82,0,0.06390817155014841,0,1
2196266,0.5,0,0.0638461363157562,0,1
1179379,0.27,1,0.06377094565169612,0,1
96743,1.0,0,0.063760692795126,0,1
145803,0.23,0,0.06367522651484468,0,1
4122419,1.0,0,0.06366134094998761,0,1
1111294,0.62,0,0.06364305888829362,0,1
4080975,0.53,0,0.06363393816143818,0,1
2100916,1.0,0,0.06361253405269092,0,1
1198118,1.15,0,0.06359567151628782,0,1
4126519,1.0,0,0.06358848361084389,0,1
3004755,0.54,0,0.06353447292814834,0,1
5068319,0.58,0,0.06351808969686538,0,1
2141288,0.4,0,0.06351469597230805,0,1
706,0.21,1,0.06351113080828616,0,1
5072402,0.7,0,0.06342895896692376,0,1
4155857,0.71,0,0.06342320466243269,0,1
2262957,0.5,0,0.06338566377646626,0,1
2114573,0.8,0,0.06321289556606932,0,1
1192850,0.49,0,0.06319809053887158,0,1
1196576,1.0,0,0.06318540148179846,0,1
2286600,0.58,0,0.06314555712104035,0,1
1020522,1.0,0,0.06310824808611201,0,1
2080850,0.92,0,0.0629900043727605,0,1
1048680,0.46,0,0.06293565925736938,0,1
151072,0.32,0,0.06289350949736788,0,1
1025377,1.0,0,0.06289331403889234,0,1
4046219,0.24,0,0.06289200591581319,0,1
100999,0.42,0,0.06288145360153947,0,1
4040640,0.84,0,0.06287204343357702,0,1
165084,1.0,0,0.06286209080410253,0,1
5094725,0.6,0,0.062836909423402,0,1
152197,1.0,0,0.06283596407223349,0,1
3151641,0.93,0,0.06275228633818053,0,1
1037179,1.0,0,0.06274414332594086,0,1
1193055,0.49,0,0.0627301275380444,0,1
3136556,0.76,0,0.0627007157099189,0,1
1193458,0.91,0,0.06266332769635455,0,1
2051105,1.0,0,0.06259933656876579,0,1
2017159,0.09,0,0.06251043286303991,0,1
3000274,0.03,0,0.062415021433454405,0,1
1168166,0.56,0,0.0623927498090614,0,1
3080752,1.0,0,0.06234647046488794,0,1
2281040,0.5,0,0.062345751483737555,0,1
2136700,0.34,0,0.06229421194537783,0,1
2018375,0.61,0,0.06229043867076218,0,1
42403,0.54,0,0.062261029616242636,0,1
1003339,0.96,0,0.06222495024163324,0,1
4171108,0.71,0,0.06220398176810909,0,1
4187669,0.66,0,0.06217998269034634,0,1
2211573,1.0,0,0.06215788553471184,0,1
2219373,0.08,0,0.06201963685932665,0,1
6091143,0.55,0,0.0619929612858691,0,1
4130019,0.9,0,0.061941025415441386,0,1
137840,1.0,0,0.06191712965298787,0,1
21814,1.0,1,0.061916525999771765,0,1
170437,0.41,1,0.061916425686720136,0,1
136661,1.0,0,0.06180519837382647,0,1
4180117,0.34,0,0.061777047742244094,0,1
1055622,1.0,0,0.061622582948552135,0,1
2202811,1.0,0,0.061475944071500935,0,1
5024189,0.71,0,0.06143197987006389,0,1
4174191,0.9,0,0.06140094087703997,0,1
168071,1.0,0,0.06136882606862913,0,1
6088259,0.65,0,0.06136645137133639,0,1
5098090,0.45,0,0.0613190804779321,0,1
3020761,0.87,0,0.06121492218503189,0,1
135528,1.0,0,0.06120408715932865,0,1
1061757,1.0,0,0.0611405902213739,0,1
4186604,0.74,0,0.06108105940261573,0,1
54959,0.6,0,0.06097062894951546,0,1
1165867,1.0,0,0.060928491110114356,0,1
4130755,1.0,0,0.06087860574755969,0,1
4178174,1.0,0,0.06087606338525568,0,1
3019646,0.78,0,0.06085205275401935,0,1
6026943,0.29,0,0.060850877460785366,0,1
1023815,0.57,0,0.06073669963576513,0,1
1190883,1.0,0,0.06069163020072364,0,1
1007056,0.53,0,0.06062680151416516,0,1
2186542,1.0,0,0.060624143878696204,0,1
2137070,0.22,0,0.060572386146458664,0,1
37570,1.0,0,0.06055569224911814,0,1
2146111,0.92,0,0.060543883727090124,0,1
3159989,0.23,1,0.060542668695922564,0,1
3091882,1.0,0,0.06047573021180367,0,1
1005509,0.45,0,0.060337167102886835,0,1
5027371,0.54,0,0.060278484364132086,0,1
2116956,0.63,0,0.06025802917558106,0,1
2193814,0.3,0,0.060238332520337036,0,1
2069960,0.21,0,0.06016583222276088,0,1
3210250,1.0,0,0.06006219637933936,0,1
6010256,0.46,0,0.06003665400235371,0,1
4148042,1.0,1,0.060026831414161576,0,1
3073685,0.75,0,0.05999161793397413,0,1
2221910,0.49,0,0.05997872737845767,0,1
5099606,0.17,0,0.059952751847485455,0,1
1118075,0.75,0,0.05992911678296661,0,1
6111549,0.52,0,0.05986690145391338,0,1
1182645,0.43,0,0.059835366624652525,0,1
2266344,0.38,0,0.05983317536184423,0,1
98986,0.18,0,0.05982434268410671,0,1
26471,1.0,0,0.05978976708651153,0,1
163813,1.0,0,0.05974485172809158,0,1
156549,0.21,0,0.05973012298102823,0,1
2105466,1.0,0,0.0596855303305251,0,1
3083619,1.0,0,0.05965827844315456,0,1
5055983,0.56,1,0.05959950564696158,0,1
4171684,1.0,0,0.05957559657963236,0,1
2116800,0.54,0,0.05954518511196329,0,1
3026531,0.28,0,0.05953157520510564,0,1
4152631,0.36,0,0.059525823249010484,0,1
6057131,0.47,0,0.05948729490798397,0,1
5076818,0.43,0,0.059441265781885785,0,1
2106922,1.0,0,0.0594274011440172,0,1
4115422,1.0,0,0.059392431739612964,0,1
1168000,0.73,0,0.05933283581105658,0,1
4025861,0.63,0,0.05926257374510556,0,1
1133152,0.4,0,0.05923589677311389,0,1
4156553,1.0,0,0.05921067976288611,0,1
6091743,0.52,0,0.059180455283266396,0,1
4118039,1.0,0,0.0591059357752253,0,1
1023087,1.0,0,0.05909144253522695,0,1
85576,1.0,0,0.05904542606267882,0,1
2184118,0.9,0,0.05904411694131879,0,1
68558,0.08,0,0.05904135886376245,0,1
2119064,0.95,0,0.059018744948623705,0,1
3010756,0.3,0,0.05901119053188623,0,1
5091413,0.67,0,0.058997381738565655,0,1
2178828,1.0,0,0.058951197811135045,0,1
4148174,1.0,0,0.0588935911384645,0,1
1160241,1.0,0,0.05886742965515816,0,1
1135960,1.0,0,0.058866328186826494,0,1
5036292,0.65,0,0.0587960124141809,0,1
2226123,0.42,0,0.058793409753684175,0,1
3032396,0.34,0,0.05876188232759064,0,1
2058879,1.0,0,0.058719092546122086,0,1
2086305,1.0,0,0.058708553969425245,0,1
2117643,0.32,0,0.05862693360712306,0,1
6101509,0.57,0,0.05857350078595342,0,1
3040238,0.04,0,0.05855539932391572,0,1
1198110,0.53,0,0.058543492297101575,0,1
3021213,0.95,0,0.05854061625319095,0,1
4185165,1.0,0,0.05851452825599476,0,1
2258712,0.24,0,0.05849126546141901,0,1
4186219,1.0,0,0.058460367637796336,0,1
1182530,0.46,0,0.05836854515169568,0,1
1140373,0.83,0,0.05831579915341392,0,1
1003568,0.87,0,0.058312693610213,0,1
1068481,1.0,0,0.05828589870450636,0,1
3041795,0.81,0,0.05826585802213698,0,1
3196500,1.0,0,0.05826078674695245,0,1
3208222,0.43,0,0.05824546290648763,0,1
5024500,0.28,0,0.0582406519463657,0,1
4119467,0.49,0,0.05823287489811114,0,1
5094433,0.66,0,0.058211717951410044,0,1
2001473,0.32,0,0.058156028685492286,0,1
4149024,0.37,0,0.05815126572855938,0,1
2276112,0.75,0,0.05809894001843867,0,1
3196502,1.0,0,0.05809364554423423,0,1
75208,1.0,0,0.05806824869511734,0,1
57461,1.0,0,0.05802051106987477,0,1
1094585,0.78,0,0.05800469856323239,0,1
3076490,1.0,0,0.05799964256221808,0,1
3017130,0.42,0,0.05791889543190114,0,1
4183311,0.33,0,0.05788946059211131,0,1
3145027,0.56,0,0.057865340557178055,0,1
39459,1.0,0,0.057852939107887025,0,1
4147505,0.45,0,0.05784822237329562,0,1
4123023,0.83,0,0.05783585681271796,0,1
4000924,0.87,0,0.05780180807485477,0,1
4173491,1.0,0,0.05777396464202064,0,1
1096102,1.0,0,0.05775350543219377,0,1
1191508,0.54,0,0.05769454712032667,0,1
2075368,1.0,0,0.0576926864549696,0,1
3237717,0.08,0,0.057642349381324336,0,1
2053076,1.0,0,0.05763215603256929,0,1
4037372,0.71,0,0.057570601217627436,0,1
3183371,1.0,0,0.05755542537466944,0,1
70575,0.17,0,0.0575117524768585,0,1
2191869,1.0,0,0.05747916249192887,0,1
4171049,0.32,0,0.05747340157107445,0,1
128702,1.0,0,0.05745333697157246,0,1
159792,1.0,0,0.057430554238179096,0,1
2106015,1.0,0,0.05739633952325841,0,1
3100738,1.0,0,0.057330914633717964,0,1
145198,0.71,0,0.05727567284422686,0,1
3100229,0.12,0,0.05724674049655358,0,1
4013668,0.71,0,0.057242987256372835,0,1
1109055,0.89,0,0.05724281644147473,0,1
143902,1.0,0,0.0572356843469506,0,1
1041794,0.68,0,0.05714732810854645,0,1
144930,1.0,0,0.05714262389479348,0,1
2270978,0.83,0,0.057134655777715315,0,1
2277634,0.41,0,0.05711098863438668,0,1
2078381,0.36,0,0.057088137120291794,0,1
6051417,0.5,0,0.057075228636371496,0,1
6021450,0.62,0,0.05699094234523962,0,1
2159559,0.49,0,0.05698994664817126,0,1
2211662,1.0,0,0.05698570990751545,0,1
1006149,0.54,0,0.05694276764983556,0,1
4180040,1.0,0,0.056910014571198916,0,1
4184064,0.37,0,0.05688894538740968,0,1
3205872,1.0,0,0.056887449260950344,0,1
72564,1.0,0,0.05688456508345508,0,1
4123344,1.0,0,0.05688075583311216,0,1
52347,1.0,0,0.056837416158776424,0,1
3013736,0.71,0,0.056742877868372246,0,1
2101748,0.49,0,0.056720111990182544,0,1
2134086,0.89,0,0.05667762008158993,0,1
1091068,0.18,0,0.05666095327370095,0,1
1086962,1.0,0,0.056488276909321025,0,1
1180879,0.97,1,0.056462143735584586,0,1
1171518,0.96,0,0.05645882667687209,0,1
27258,1.0,0,0.056449236456479444,0,1
2150838,0.74,0,0.05641714633391567,0,1
77449,1.0,0,0.05640328021969726,0,1
4147991,0.24,0,0.05637526235698675,0,1
2285400,0.66,0,0.05636574158054747,0,1
2070480,0.49,0,0.05633776150530267,0,1
2070904,1.0,0,0.056331414284622135,0,1
2191258,0.51,0,0.056314899806371256,0,1
94603,0.19,0,0.05623756142426871,0,1
3064854,1.0,0,0.05622961381861633,0,1
6007413,0.74,0,0.05620690126284301,0,1
4114811,1.0,0,0.05617771359483144,0,1
2164816,0.3,0,0.05617047369213428,0,1
1159263,1.0,0,0.05616597523591742,0,1
2257963,0.49,0,0.056095774296419994,0,1
6034303,0.54,0,0.05603713238400592,0,1
3145898,1.0,0,0.05603664793039841,0,1
1064557,0.21,0,0.0560237370061386,0,1
4025397,0.34,0,0.05601876851847569,0,1
1054892,0.28,0,0.056014666616008506,0,1
2058832,1.0,0,0.05596921894975238,0,1
2011039,0.44,0,0.055951255058316954,0,1
6002133,0.46,0,0.05593788385338422,0,1
4062330,0.29,1,0.05591820095637974,0,1
4116587,1.0,0,0.05591700658454761,0,1
1178991,0.92,0,0.05584873635842204,0,1
3213512,0.5,0,0.05583983585555714,0,1
2107092,0.25,1,0.05583785602791197,0,1
2196391,0.61,0,0.05581847690827836,0,1
1014918,0.34,0,0.05572104391006408,0,1
76415,0.24,0,0.055696246240787575,0,1
148844,1.0,0,0.05567770925675092,0,1
164830,1.0,0,0.05566689851924589,0,1
1123066,0.76,0,0.05559625139278774,0,1
5049871,0.8,0,0.055590234092783256,0,1
2184179,0.76,0,0.055527175047874425,0,1
3181071,1.0,0,0.055527154446715674,0,1
3142169,1.0,0,0.05551738906544197,0,1
3110265,1.0,0,0.05546944817536649,0,1
6080270,0.62,0,0.05545121848693214,0,1
4164391,1.0,0,0.05545007628974815,0,1
3059125,1.0,0,0.05542725221862425,0,1
4126019,1.0,0,0.05538403226211688,0,1
2262634,1.08,0,0.055341160649032016,0,1
6055604,0.41,0,0.05533256584825558,0,1
98016,0.16,0,0.055307515891473785,0,1
6029621,0.4,0,0.05529253560304222,0,1
4148469,0.79,0,0.05528789538279404,0,1
3030008,0.47,0,0.055270895255607466,0,1
4031305,0.46,0,0.05522327161649361,0,1
3007824,0.78,0,0.05521578891465433,0,1
2222032,0.5,0,0.055215058879624926,0,1
4125307,1.0,0,0.05521350988473163,0,1
68059,1.0,0,0.05521160317202981,0,1
1116897,1.0,0,0.05519709945375113,0,1
5088316,0.91,0,0.05516514015563437,0,1
81842,1.0,0,0.055163225633808405,0,1
3064646,1.0,0,0.05506805252290718,0,1
3062257,0.58,0,0.05503851338905396,0,1
1129792,0.41,0,0.05501341362922708,0,1
1195618,0.49,0,0.05500227855288538,0,1
2201552,1.0,0,0.054985222299911665,0,1
4010861,0.79,0,0.054952033594751294,0,1
6045164,0.71,0,0.054932339509677804,0,1
3083473,0.83,0,0.05491897656212688,0,1
1101050,0.42,0,0.05487466844262238,0,1
3054907,1.0,0,0.05485335848955974,0,1
3015354,0.63,0,0.05483206447193009,0,1
3001610,0.2,0,0.054806981054241706,0,1
4025191,0.63,0,0.05478904996165089,0,1
3119939,0.31,0,0.05478019961377629,0,1
4150772,1.0,0,0.05477803474333861,0,1
4173197,0.36,0,0.0547706793262313,0,1
4032449,0.49,0,0.05475383268418806,0,1
4129648,1.0,0,0.05467737521182461,0,1
2049413,1.0,0,0.054625231775412245,0,1
5045799,0.05,0,0.05461345412844678,0,1
3210009,0.94,0,0.05456494429479472,0,1
1139350,1.0,0,0.05450735512920607,0,1
1185462,0.37,0,0.05448159055634654,0,1
4135809,1.0,0,0.05447916411006002,0,1
3038633,0.72,0,0.05447561001553288,0,1
6088266,0.35,0,0.054460692968608525,0,1
4118043,0.6,0,0.0544515510912934,0,1
2122716,0.16,0,0.05443607088221976,0,1
2231669,0.31,0,0.05441350081087887,0,1
2036772,0.36,0,0.054396562311906385,0,1
163025,1.0,0,0.054385134535630306,0,1
3051287,1.0,0,0.054350115373447624,0,1
3199068,0.85,0,0.054337952308957174,0,1
5002886,0.71,0,0.054324815525187746,0,1
2281112,0.5,0,0.05427777663578242,0,1
5073061,0.7,0,0.054257985859174365,0,1
4147133,1.0,0,0.0542126804225053,0,1
3164346,0.33,0,0.054182470749605985,0,1
4173150,0.42,0,0.054182228413343005,0,1
1186290,1.0,0,0.05417782761014951,0,1
1110235,0.89,0,0.05414467029440304,0,1
5091502,0.69,0,0.054144254834350404,0,1
164298,0.71,0,0.05414273982457189,0,1
4129261,1.0,0,0.05413117458625982,0,1
6112532,0.24,0,0.05412951005177927,0,1
3131537,1.0,0,0.05409458022634245,0,1
2179937,1.0,0,0.054077226375246513,0,1
1165624,1.0,0,0.05407518003217719,0,1
162091,0.32,0,0.05407446977929045,0,1
2206554,1.0,0,0.05406456457906126,0,1
1176048,1.0,0,0.054042660504050516,0,1
153011,1.0,0,0.05400792569900751,0,1
3198837,0.75,0,0.05395376047894254,0,1
1176477,1.0,0,0.053942248709299784,0,1
6112994,0.31,0,0.05388907945893637,0,1
4128804,0.57,0,0.05388154083035715,0,1
1011283,0.04,0,0.053877964295682326,0,1
167237,1.0,0,0.053866269130520526,0,1
3187634,0.89,0,0.05385298231635693,0,1
2119657,1.0,0,0.05385273714596997,0,1
2095053,0.46,0,0.053781168986823474,0,1
1030271,1.0,0,0.05367112817811056,0,1
4012719,0.71,0,0.05366062521912818,0,1
3026162,0.28,0,0.05358982851085596,0,1
5001872,0.8,0,0.05358851129764394,0,1
1153109,0.24,0,0.05358338312573122,0,1
5015090,0.54,0,0.05352689470727084,0,1
1028084,0.85,0,0.05347193458728972,0,1
3109031,0.95,0,0.053463330049648754,0,1
6069850,0.15,0,0.05344361862854578,0,1
3053273,1.0,0,0.05341216258804058,0,1
1097382,0.3,0,0.05338165099805037,0,1
1110021,1.0,0,0.05337008607747333,0,1
2040628,0.07,0,0.05330316996921194,0,1
3192494,1.0,0,0.05315148396215654,0,1
3121051,0.44,0,0.05313043778387696,0,1
4151790,0.71,0,0.05310235816395581,0,1
1055080,1.0,1,0.05309740986794209,0,1
4142757,1.0,0,0.053097342430258924,0,1
1120938,0.81,0,0.05309493670793301,0,1
4030577,0.44,0,0.05308799028580174,0,1
2258457,0.49,0,0.053063624627713434,0,1
19381,0.59,1,0.05305682007927466,0,1
1063392,1.0,0,0.05305127980582595,0,1
4143925,0.37,0,0.05304389971368671,0,1
1071944,0.56,0,0.052997061527899354,0,1
4078115,0.87,0,0.052982340725243535,0,1
1132477,1.0,0,0.05296281266278484,0,1
31418,1.0,0,0.052959359967029274,0,1
3152705,0.72,0,0.05295225753489109,0,1
3211742,1.0,0,0.05290869581379379,0,1
90566,0.08,0,0.05288481151987,0,1
4073781,0.33,0,0.052844590761559646,0,1
4165551,0.3,0,0.05283147818699923,0,1
2220788,0.41,0,0.052788265391680946,0,1
6101695,0.58,0,0.052761818578804597,0,1
115102,0.65,0,0.052728605374490006,0,1
3146597,0.52,0,0.05272280819068901,0,1
2078515,1.0,0,0.05270707381113779,0,1
4126880,1.0,0,0.05269583048198105,0,1
2266216,0.08,0,0.052675260207301455,0,1
4001724,0.79,0,0.052637423832335946,0,1
67510,0.95,0,0.05263517470775389,0,1
4051799,0.65,0,0.052578784065078224,0,1
4133990,0.51,0,0.0524584029238587,0,1
138872,0.58,0,0.052442607684116634,0,1
2256818,1.0,0,0.052437508514187756,0,1
2258554,1.0,0,0.05243103806852583,0,1
3166751,0.91,0,0.05239132304826436,0,1
3055768,0.41,0,0.0523313679266104,0,1
6056435,0.44,0,0.052282891872794376,0,1
1061365,1.0,0,0.05224552634329606,0,1
2163002,0.23,0,0.05223042943612415,0,1
3031366,0.47,0,0.052205550103032156,0,1
4127125,0.48,0,0.052116966762075154,0,1
2112871,1.0,0,0.05209155443903193,0,1
1103844,0.83,0,0.05208609341961603,0,1
3188577,1.0,0,0.05205194833009901,0,1
2092171,1.0,0,0.05201666839450421,0,1
2004614,0.45,0,0.05198312681781675,0,1
3177150,1.0,0,0.05193802586949008,0,1
1034119,1.0,0,0.05193538383919074,0,1
3189578,0.76,0,0.0519345391179491,0,1
2085776,1.0,0,0.051918138556092994,0,1
6078565,0.7,0,0.05190775134093431,0,1
3010762,0.24,0,0.05187169513668783,0,1
5028569,0.35,0,0.05180969350246768,0,1
1053405,0.74,0,0.05179741396971225,0,1
2098295,1.0,0,0.05179562046055981,0,1
2258024,1.0,0,0.051786920143986774,0,1
2140833,1.0,0,0.05178611908596964,0,1
33498,0.92,0,0.05176236933152086,0,1
150352,0.41,0,0.05175464888085869,0,1
2260674,0.5,0,0.051693048576894426,0,1
2001912,0.8,0,0.05169070739196009,0,1
6106876,0.74,0,0.0516773137072028,0,1
4143242,1.0,0,0.0516652378193583,0,1
2277889,0.21,0,0.051609758859506256,0,1
3049052,1.0,0,0.051591280587427034,0,1
4086030,0.39,0,0.05158242420882139,0,1
1014532,0.41,0,0.05151637124231338,0,1
4116092,0.81,0,0.05147157667115936,0,1
4114781,0.44,0,0.051439393491426386,0,1
6109086,0.74,0,0.051416591362847416,0,1
2092311,0.53,0,0.051368988332644264,0,1
67254,0.81,0,0.05129968875017103,0,1
3157752,1.0,0,0.05129321092058497,0,1
3233917,0.24,0,0.05123764952459483,0,1
2097759,0.32,0,0.05123395797484626,0,1
3046356,1.0,0,0.05118041419950756,0,1
1005841,0.45,0,0.05116076455022548,0,1
6109748,0.31,0,0.051105800048738007,0,1
2046995,0.49,0,0.05109143919579879,0,1
1076381,1.0,0,0.0510583940142245,0,1
2080397,1.0,0,0.05100853890822686,0,1
3010728,0.96,0,0.05100726296629321,0,1
2107596,1.0,0,0.050946762477537016,0,0
2088751,0.87,0,0.050908818222544346,0,0
1031721,1.0,0,0.05089719381432327,0,0
47141,0.05,0,0.05085162039429226,0,0
5088223,0.91,0,0.050849006885412336,0,0
2180932,1.0,0,0.05082868712174693,0,0
3081967,0.46,0,0.050756804892523884,0,0
4124995,1.0,0,0.05074697144493604,0,0
3072667,0.33,0,0.05074049113232965,0,0
1103079,0.67,0,0.0507308173771152,0,0
1106837,0.82,0,0.05068812258797719,0,0
1163787,1.0,0,0.05067018486633971,0,0
1167697,1.0,0,0.05066837483780845,0,0
147479,1.0,0,0.05065510520261599,0,0
33494,1.0,0,0.050617321305537616,0,0
1106701,0.67,0,0.05059302337605093,0,0
2077716,1.0,0,0.050568898505039574,0,0
4184213,0.27,0,0.05056795376311062,0,0
4073808,0.21,0,0.05039101884214698,0,0
1141718,1.0,0,0.05037845042857013,0,0
2241716,0.32,0,0.05035758177786397,0,0
4033500,0.54,0,0.05029491451063248,0,0
2277849,0.44,0,0.05024115775987842,0,0
2069521,0.75,0,0.05024104787037417,0,0
157409,1.0,0,0.05023878502873749,0,0
1110099,0.19,0,0.0502165764737143,0,0
6033564,0.2,0,0.05014781435038142,0,0
3056908,0.75,0,0.0501291058127928,0,0
4114543,1.0,0,0.050123117786138996,0,0
3109264,0.8,0,0.05011228861773737,0,0
2082117,1.0,0,0.050083944220075935,0,0
6060937,0.35,0,0.05005995466884488,0,0
3034262,0.04,0,0.050022806621248,0,0
5095169,0.58,0,0.0500127973947832,0,0
6085590,0.28,0,0.049946999593010306,0,0
4185362,1.0,0,0.049931199658570624,0,0
3070769,0.24,0,0.04991270976455278,0,0
5029901,0.41,0,0.04990399042115028,0,0
131089,1.0,0,0.04986934978150237,0,0
2126531,0.51,0,0.04961231905730317,0,0
1109718,0.42,0,0.049595459926036214,0,0
3124427,0.57,0,0.04958860135049891,0,0
3027173,0.36,0,0.049570812701316073,0,0
1023742,0.21,0,0.04955312768056785,0,0
4137823,1.0,0,0.049532899231166265,0,0
3170230,0.42,0,0.04952972232047861,0,0
3053616,1.0,0,0.04950996378102893,0,0
173664,1.0,0,0.04948724002602889,0,0
1106467,0.75,0,0.04948022939828893,0,0
1016310,0.08,1,0.04947816828355548,0,0
2283450,0.08,0,0.04947420276550298,0,0
4124147,0.97,0,0.049473319870979825,0,0
6037623,0.46,0,0.04945102049384666,0,0
1005580,0.54,0,0.04944138671536224,0,0
2132799,0.3,0,0.04942791153286793,0,0
175555,1.0,0,0.04940334590759208,0,0
3248154,0.16,0,0.04932254038860392,0,0
3059879,1.0,0,0.04928786503774908,0,0
1052800,1.0,0,0.04928534203159275,0,0
2271527,0.83,0,0.04928184279070556,0,0
4177708,0.24,0,0.04927057204641347,0,0
2195561,0.29,0,0.04924431420471103,0,0
2255369,0.49,0,0.04924396870590698,0,0
1051421,0.41,0,0.049207590737113595,0,0
2087873,0.74,0,0.049092299612060006,0,0
1116259,0.03,0,0.049042324257692324,0,0
6033645,0.54,0,0.04900792678105772,0,0
1123307,0.72,0,0.04897425872449995,0,0
3081725,1.0,0,0.04890922418619359,0,0
138138,1.0,0,0.048903256617106886,0,0
6103852,0.69,0,0.048900994972171215,0,0
4176043,0.92,1,0.04888794638256657,0,0
1168426,1.0,0,0.04883827036671056,0,0
2194125,1.0,0,0.04879364896302042,0,0
4180969,0.96,0,0.04877212648816375,0,0
2054007,1.0,0,0.04872331165511104,0,0
6020053,0.69,0,0.04869166893425442,0,0
1015087,0.07,0,0.048626214854721704,0,0
1007877,0.38,0,0.04862498840043093,0,0
150693,0.72,0,0.048619320629311576,0,0
5061777,0.66,0,0.04858508886196225,0,0
4027825,0.41,0,0.048584946419868366,0,0
73471,0.49,0,0.048540785034315685,0,0
4170925,0.86,0,0.04852978318679069,0,0
2124547,0.41,1,0.04849419240354589,0,0
1111362,1.0,0,0.048464070211783936,0,0
47350,0.28,0,0.04837987052238034,0,0
3172919,0.73,0,0.04836177777549685,0,0
156292,1.0,0,0.04829883602227418,0,0
2207674,0.07,0,0.04826810733855172,0,0
2277840,0.49,0,0.048183063135394895,0,0
2145781,0.24,0,0.04816640520356751,0,0
1130613,1.0,0,0.04813039123675621,0,0
4039474,0.14,0,0.048057680390357245,0,0
3175418,0.28,0,0.04801935703799537,0,0
6071622,0.61,0,0.048001959819449026,0,0
4181032,0.79,0,0.04798875118816627,0,0
4121880,1.0,0,0.04795460885653984,0,0
80294,0.24,0,0.0479293505088262,0,0
2098770,0.91,0,0.047897117655960976,0,0
3043575,0.81,0,0.04788074714287017,0,0
2097564,0.52,0,0.047880187223553035,0,0
22063,1.0,1,0.047862562950842444,0,0
4073824,0.78,0,0.04784847809606145,0,0
4084375,0.71,0,0.047798573868846776,0,0
87706,1.0,0,0.047792157249770775,0,0
10161,0.12,1,0.04763329362408057,0,0
2103169,0.55,0,0.04759890458775792,0,0
4032839,0.48,0,0.04754416756217371,0,0
4155406,0.57,0,0.04752961636375407,0,0
6103326,0.15,0,0.04751056164027368,0,0
2097260,0.25,0,0.04750827521812761,0,0
60394,1.0,0,0.04746460981975052,0,0
1186987,0.57,0,0.04743620474865566,0,0
2014677,0.36,0,0.04743325209283723,0,0
3004792,0.45,0,0.04741536489901305,0,0
3033371,0.22,0,0.047328880657818956,0,0
4146412,0.2,0,0.04732458658019944,0,0
1098434,1.0,0,0.047258298785793254,0,0
2120467,0.4,0,0.047255768712485664,0,0
5086139,0.28,0,0.047208598830896537,0,0
80673,1.0,0,0.04710856424272888,0,0
2184646,0.74,0,0.047089872257980565,0,0
2182843,1.0,0,0.04708788405623512,0,0
6113291,0.14,0,0.047068007963088604,0,0
2074686,1.0,0,0.047052865972299046,0,0
1183489,0.44,0,0.047044687645239495,0,0
1054157,0.2,0,0.04696648507583844,0,0
3045063,0.63,0,0.04696106336980864,0,0
4076846,0.87,0,0.04696079479850912,0,0
136812,1.0,0,0.04693193798501605,0,0
2209436,0.36,0,0.04693039905014942,0,0
3194456,1.0,0,0.04692626032550191,0,0
1057638,0.13,0,0.04692250528809807,0,0
36120,0.37,0,0.04690933090451615,0,0
1083280,1.0,0,0.04690912598686777,0,0
2190643,0.67,0,0.04687192124453813,0,0
2103989,0.23,0,0.046863437404267606,0,0
4162271,0.46,0,0.046852822085084345,0,0
4070243,0.24,0,0.04683935638084159,0,0
1017885,1.0,0,0.04681843013923328,0,0
3200017,0.66,0,0.04679689591352178,0,0
103381,0.53,0,0.04674280541756625,0,0
1049051,1.0,0,0.046700203731675584,0,0
2212047,0.75,1,0.046699757586805724,0,0
6025359,0.36,0,0.04669581206468466,0,0
3135975,0.58,0,0.04669453894462248,0,0
4179521,1.0,0,0.046560768146649306,0,0
3140107,0.93,0,0.04654099299870086,0,0
131347,1.0,0,0.046533506921375034,0,0
2286944,0.52,0,0.04651786281458263,0,0
2216303,0.28,0,0.04651736593680275,0,0
2264053,0.5,0,0.04639200487820397,0,0
2221316,0.41,0,0.04630064754117241,0,0
3026905,0.35,0,0.04620870828596884,0,0
1192899,1.0,0,0.04616441060153345,0,0
5055108,0.6,0,0.046145725606733745,0,0
1184048,0.98,0,0.04613603205059643,0,0
1116029,0.46,0,0.04612673396860105,0,0
2102598,0.9,0,0.04606391572296353,0,0
6025468,0.36,0,0.04605991218527556,0,0
3060423,1.0,0,0.04603139385683705,0,0
1154095,0.37,0,0.046014863953863346,0,0
4116217,1.0,0,0.04601419416652145,0,0
5051649,0.74,0,0.04601332942530991,0,0
5056232,0.1,0,0.046012090489007194,0,0
149268,0.29,0,0.04592108628457955,0,0
1012963,0.7,0,0.04591014444200653,0,0
2215486,0.49,0,0.04588537819414438,0,0
4115949,1.0,0,0.04588495590792561,0,0
3163614,1.0,0,0.045875499763733736,0,0
4132857,1.0,0,0.04585692421520226,0,0
4124672,1.0,0,0.04585497863821538,0,0
4176413,0.24,0,0.045807445290918944,0,0
4017197,0.23,0,0.045783468081094944,0,0
5072829,0.7,0,0.045736915503353216,0,0
1152893,1.0,0,0.045719073127276424,0,0
1164331,0.87,0,0.0456912737616768,0,0
6032798,0.23,0,0.045580387925578,0,0
6097101,0.41,0,0.045559882559555204,0,0
4174156,1.0,0,0.0455550885595345,0,0
3163202,0.25,0,0.04554861084669059,0,0
3073583,1.0,0,0.04554223276366068,0,0
64532,0.48,0,0.04554165341991074,0,0
2048450,0.32,0,0.04549671944901022,0,0
2271478,0.83,0,0.04547835809151161,0,0
4141168,0.29,0,0.045454067696377755,0,0
2128660,0.42,0,0.04542002979785806,0,0
2083002,0.5,0,0.04535023552932356,0,0
4051904,0.73,0,0.045300119582024914,0,0
1045956,1.0,0,0.045284256250213935,0,0
2066495,0.88,0,0.04527286033511385,0,0
1046342,1.0,0,0.04526311511508903,0,0
6058136,0.24,0,0.04525242416069693,0,0
1084713,0.82,0,0.045230543887234555,0,0
1011647,0.25,0,0.04520516257235334,0,0
4185517,0.82,0,0.04519466882889828,0,0
166105,1.0,0,0.045109604534999806,0,0
3033937,0.14,0,0.04509468597201259,0,0
2096910,0.38,1,0.04508664473396798,0,0
2039043,0.15,0,0.04504752036540517,0,0
1188379,0.25,0,0.045047066150751776,0,0
20025,0.33,1,0.04502621185988575,0,0
164118,1.0,0,0.04502340082476993,0,0
2105786,0.59,0,0.04501832402993371,0,0
74678,1.0,0,0.04501327888942338,0,0
4037545,0.17,0,0.04497049285520512,0,0
80277,0.31,0,0.0449655819865587,0,0
5027382,0.36,0,0.044929325287955166,0,0
6112520,0.05,0,0.04490639157439995,0,0
2261176,0.24,0,0.044855294643485984,0,0
4187797,1.0,0,0.04485489793139223,0,0
2089453,0.46,0,0.04477540552365421,0,0
81001,1.0,0,0.04476178679190791,0,0
2215786,0.49,0,0.04474369260582913,0,0
53274,0.36,0,0.04466463311954314,0,0
3108331,0.95,0,0.04463196506303504,0,0
4162021,0.9,0,0.04458741978585205,0,0
1133187,0.27,0,0.044532013103968295,0,0
1189501,0.5,0,0.04452649638776294,0,0
4117410,0.3,0,0.044519669138102715,0,0
1198234,0.36,0,0.04447931669418379,0,0
3141461,0.09,0,0.04446816867568812,0,0
2134231,0.42,0,0.04445849526129672,0,0
4181323,0.6,0,0.04444894637268401,0,0
2071517,0.05,0,0.04440621217318879,0,0
139150,1.0,0,0.04432263114164733,0,0
3170950,0.19,0,0.04427506084702521,0,0
1165965,1.0,0,0.044247620432810934,0,0
5104991,0.07,0,0.04422606789640117,0,0
5048348,0.15,0,0.04420222979480196,0,0
3130316,0.5,0,0.044118635846033205,0,0
34334,1.0,0,0.04400282831942389,0,0
1007229,0.26,0,0.044001100679577174,0,0
5032959,0.48,0,0.043971282669735205,0,0
1190403,0.49,0,0.04395286658006428,0,0
126078,1.0,0,0.04394981477608601,0,0
1120753,0.75,0,0.043906639163439946,0,0
2206180,0.37,0,0.04390015869005214,0,0
133055,0.5,0,0.04389116434932824,0,0
1113677,0.08,1,0.043759865999871694,0,0
60691,1.0,1,0.04373594695966751,0,0
3170578,0.96,0,0.04369023878791018,0,0
1156776,0.07,0,0.043675613756777615,0,0
5018288,0.21,0,0.04365431473799733,0,0
2188003,1.0,0,0.0436347147347284,0,0
6101906,0.21,0,0.04360374530005204,0,0
3199544,0.33,0,0.04349132582086942,0,0
2186227,1.0,0,0.043432968681245646,0,0
2061976,0.99,0,0.0434106239435264,0,0
4176421,1.0,0,0.043373503907367654,0,0
1009016,0.21,0,0.04331192540488715,0,0
3014828,0.6,0,0.043298911134091164,0,0
5083758,0.6,0,0.04323814358787131,0,0
2016676,0.37,0,0.04323263839973778,0,0
3170196,0.28,0,0.04322446753679343,0,0
2101705,0.25,0,0.04321966811223427,0,0
2267753,0.5,0,0.043181299360013525,0,0
2065211,1.0,0,0.04301175268427784,0,0
2215235,0.49,0,0.04297692434109819,0,0
5105296,0.16,0,0.042959698949711154,0,0
3107532,1.0,0,0.04286735212570058,0,0
139534,0.36,0,0.042850904889296625,0,0
2268265,0.45,0,0.04282980311711869,0,0
1159145,0.81,0,0.04281743244499543,0,0
2093562,1.0,0,0.04276948697902933,0,0
3084306,1.0,0,0.04276613754042554,0,0
3199152,0.74,1,0.04276594670222027,0,0
4055738,0.46,0,0.042745569309301915,0,0
3172842,0.6,0,0.04272385051250519,0,0
4146307,0.43,0,0.04268741081227252,0,0
2152528,0.55,0,0.04266135578688923,0,0
2095171,0.46,0,0.042655759808576395,0,0
2094413,0.61,0,0.04258673888335289,0,0
4126853,1.0,0,0.04248515066975572,0,0
4178397,0.56,0,0.042473739631848195,0,0
4018744,0.12,0,0.042468016105584545,0,0
6104829,0.74,0,0.04243289070778036,0,0
3158912,0.37,0,0.04241041710031288,0,0
5032285,0.5,0,0.04236864189797135,0,0
3069012,1.0,0,0.04223756608436833,0,0
4146529,0.43,0,0.042177860907089304,0,0
6080028,0.62,0,0.04217148448240762,0,0
2267672,0.5,0,0.042169966987124045,0,0
2113128,0.26,0,0.042155036151638924,0,0
5033270,0.53,0,0.04215458607265551,0,0
6030170,0.44,0,0.04214725463711364,0,0
1100341,1.0,0,0.042142122007483615,0,0
100683,0.32,0,0.04210384487254662,0,0
5055646,0.41,0,0.042103337116221266,0,0
1114892,0.93,0,0.04210241427085231,0,0
175912,0.68,0,0.04209269982824119,0,0
2023424,0.33,0,0.04209099273797739,0,0
1020056,0.33,0,0.042066530285303834,0,0
66488,1.0,0,0.042057384059442385,0,0
2215346,0.49,0,0.0420221620640124,0,0
2135498,1.0,0,0.04199120091728274,0,0
5014661,0.45,0,0.04198471402931338,0,0
6579,0.34,1,0.041971547491969664,0,0
4180851,0.46,0,0.04196839201341291,0,0
3057745,1.0,0,0.04194818476884005,0,0
5062954,0.27,0,0.041921971943605384,0,0
5039414,0.2,0,0.04188908948081826,0,0
3189844,0.49,0,0.041878698998297936,0,0
5052161,0.23,0,0.04187540297114843,0,0
3212120,0.6,0,0.041858690202584946,0,0
1000733,0.2,0,0.04183529932976194,0,0
3189979,1.0,0,0.041829054979424775,0,0
1028000,0.88,0,0.041818426617635386,0,0
4168769,0.54,0,0.04181520548596111,0,0
4179373,1.0,0,0.0418055591567329,0,0
4154128,0.87,0,0.04174549056947889,0,0
4022183,0.24,0,0.041720920985011824,0,0
3031848,0.25,0,0.04169472328994118,0,0
4062368,0.29,0,0.041506301464514034,0,0
2056404,0.89,0,0.041501125903587156,0,0
1198689,0.53,0,0.041483035802212194,0,0
2226512,0.33,0,0.04147983715324145,0,0
1108467,0.09,0,0.04145708137792728,0,0
100959,0.39,0,0.04138168264947472,0,0
2272289,0.38,0,0.04137493070926845,0,0
1037385,1.0,0,0.0413406935162649,0,0
1090210,0.46,0,0.04132833759036346,0,0
2047531,1.0,0,0.04132681845009141,0,0
4019068,0.12,0,0.04130955224414101,0,0
1088380,0.51,0,0.04128497377420156,0,0
2253997,0.27,0,0.041263687360498416,0,0
19531,0.41,1,0.04125646538285596,0,0
5061499,0.34,0,0.04123830877935861,0,0
4037861,0.04,0,0.041186231544173585,0,0
2110813,0.81,0,0.041182577527255404,0,0
3249381,0.08,0,0.04115101484741058,0,0
2162878,0.41,0,0.04110937748369476,0,0
3163728,0.2,0,0.04107416257043802,0,0
2067030,1.0,0,0.04100374043066079,0,0
3067257,1.0,0,0.040974182491216836,0,0
3234470,0.24,0,0.04093757679774173,0,0
4179553,0.75,0,0.04088974948224927,0,0
2167558,0.11,0,0.04086735123174829,0,0
5072232,0.38,0,0.04078795700313137,0,0
140711,0.21,0,0.04076346389639267,0,0
4128848,1.0,0,0.04073166671472597,0,0
94848,0.59,0,0.04071242155622496,0,0
1179249,0.91,0,0.04068418974692717,0,0
6066344,0.57,0,0.04057572771497683,0,0
3040186,0.87,0,0.040573578269729425,0,0
152574,0.53,0,0.04057025389198635,0,0
3078400,0.39,0,0.04054376100272412,0,0
3165536,1.0,1,0.04046929661635285,0,0
2137998,0.4,0,0.040406313098649345,0,0
4139989,1.0,0,0.04037618815380574,0,0
5042707,0.48,0,0.04037136518453778,0,0
3017400,0.18,0,0.04033514511528252,0,0
176708,1.0,1,0.04028986042447888,0,0
4016721,0.62,0,0.04025327343671259,0,0
4047298,0.59,0,0.040251113822377685,0,0
6059190,0.2,0,0.040151409433330815,0,0
3240456,0.16,0,0.04014339392127512,0,0
150291,1.0,0,0.040069030175287415,0,0
6098019,0.44,0,0.04006320824146579,0,0
75381,0.25,0,0.04006111322877269,0,0
1125178,0.07,0,0.04002409868294293,0,0
1078800,0.58,0,0.03993558966027809,0,0
5021549,0.12,0,0.039827132132922854,0,0
3123432,0.15,0,0.039764035781039556,0,0
2260851,1.0,0,0.03974812563297362,0,0
2277308,0.54,0,0.03972986780537957,0,0
2273488,0.08,0,0.03971835540071285,0,0
1180674,0.49,0,0.039655013711872515,0,0
1081890,0.34,0,0.03959404365659184,0,0
3158424,0.73,0,0.03955544951077666,0,0
5025093,0.36,0,0.03954875334347782,0,0
1139756,0.03,1,0.03948326640040241,0,0
1079004,0.35,0,0.03945564568467993,0,0
3033182,0.23,0,0.03945445708438568,0,0
5064644,0.18,0,0.03944578401058197,0,0
3186717,0.26,0,0.03941140727453198,0,0
4124026,0.86,0,0.03940915767772448,0,0
4144468,0.46,0,0.039345845560842196,0,0
1103151,0.06,0,0.039336599132402124,0,0
4130789,1.0,0,0.039331552002011425,0,0
4143045,0.27,0,0.039318978692975716,0,0
121186,0.52,0,0.03931442006543702,0,0
1116724,0.6,0,0.03928664418584024,0,0
2279884,0.08,0,0.03925697344819154,0,0
1138587,0.55,0,0.03921100261550904,0,0
2186220,1.0,0,0.039197114882261026,0,0
5062347,0.21,0,0.039184760670073294,0,0
3041443,0.07,0,0.039159796368591786,0,0
5098538,0.16,0,0.03909372676900285,0,0
4061609,0.06,0,0.039075792711170315,0,0
4071292,0.09,0,0.03904323574685016,0,0
2225970,0.15,0,0.03899885251965471,0,0
1184917,0.44,0,0.03890049309129446,0,0
3233277,0.24,0,0.03889503536242072,0,0
6011138,0.2,0,0.038870223994255174,0,0
3129971,0.46,0,0.038856223011457504,0,0
2070647,0.46,0,0.03885362388985792,0,0
69389,1.0,0,0.038812660186152675,0,0
1108671,0.34,0,0.038792442142339185,0,0
1160316,1.0,0,0.03876537311523092,0,0
58812,1.0,0,0.03874335154577283,0,0
5051100,0.24,0,0.03874072091567743,0,0
3077916,0.58,0,0.038684752850340856,0,0
1110978,0.9,0,0.03866910486028594,0,0
2230504,0.08,0,0.03865264347163308,0,0
3033975,0.14,0,0.03864420348129278,0,0
6052840,0.15,0,0.03859910404015637,0,0
6057353,0.27,0,0.03856262029361474,0,0
3170097,0.27,0,0.038538275208591176,0,0
3128820,1.0,0,0.038486532415130004,0,0
3071386,0.2,0,0.038452995904795555,0,0
2082166,1.0,0,0.03845271163044019,0,0
3002121,0.2,0,0.038435190517074266,0,0
3200141,0.49,1,0.038433053708197926,0,0
1181076,0.16,0,0.03841379260894555,0,0
4148179,0.22,0,0.03841313683081639,0,0
4071209,0.46,0,0.038384541674857914,0,0
2207026,1.0,0,0.03837212809629938,0,0
2272278,0.95,0,0.03822451797284089,0,0
2267694,0.5,0,0.03822431206632689,0,0
4152020,0.35,0,0.03820244576046628,0,0
93574,0.46,0,0.038184806501671255,0,0
4033565,0.54,0,0.03815308535078517,0,0
3032643,0.3,0,0.03814596109175249,0,0
3131563,0.27,0,0.038141667449395664,0,0
1181760,0.5,0,0.03813162965077301,0,0
6025003,0.19,0,0.03810684091130859,0,0
2169727,0.19,0,0.03808998165813773,0,0
6026385,0.33,0,0.03807672705428556,0,0
2176294,0.21,0,0.03796514517047699,0,0
1074518,1.0,0,0.03791611528308047,0,0
44747,0.31,0,0.037912658702131743,0,0
3244941,0.07,0,0.03789492722224517,0,0
1180157,1.0,0,0.03789354392608227,0,0
2012664,0.4,0,0.03786682889776238,0,0
5095807,0.14,0,0.03785504011307551,0,0
4159093,0.05,0,0.03782621785214947,0,0
3196986,1.0,0,0.037807556540429534,0,0
2213818,0.08,0,0.037661100442854964,0,0
126987,0.45,0,0.03755641785130919,0,0
2073950,0.76,1,0.03753408330664961,0,0
4082160,0.71,0,0.03750963931370787,0,0
3213570,0.32,0,0.03740927768073738,0,0
3156554,0.19,0,0.037362182502584516,0,0
1046247,0.16,0,0.0373112784489513,0,0
1095441,0.26,0,0.037304137229725975,0,0
56763,0.24,0,0.037303721583813586,0,0
4143542,0.31,0,0.03728130264853284,0,0
1071303,1.0,0,0.03727999799961304,0,0
116467,0.63,0,0.037265625121878775,0,0
2130123,0.46,0,0.03723338471212666,0,0
4154629,0.87,0,0.03722726587900719,0,0
1189479,0.95,0,0.03718910401424079,0,0
4171404,0.83,0,0.03717493374247884,0,0
5015839,0.46,0,0.037148830063704424,0,0
4143494,0.33,0,0.037117502643989046,0,0
2169103,0.06,0,0.03709911007947899,0,0
5091428,0.63,0,0.037086710694547005,0,0
2139156,0.5,0,0.0370532677637364,0,0
34594,0.11,0,0.03704098938990756,0,0
4065061,0.17,0,0.037028751851774844,0,0
2280994,0.66,0,0.03701585329872684,0,0
4115099,1.0,0,0.036952484096370204,0,0
2273883,0.08,0,0.03694010207567222,0,0
3158585,0.57,0,0.036931291064968494,0,0
6112018,0.09,0,0.03687904554478559,0,0
3053922,0.54,0,0.036828981558027434,0,0
1177527,0.07,0,0.0367555802241859,0,0
1000660,0.2,0,0.03675332612042096,0,0
1075087,0.96,0,0.03670580733671023,0,0
4164601,0.3,0,0.03662140483594319,0,0
2129156,1.0,0,0.03658455215911751,0,0
74618,0.4,0,0.036563358286803106,0,0
1098836,0.16,0,0.03654119599446923,0,0
2053431,0.39,0,0.036493774225435344,0,0
1189342,0.49,0,0.036461799592462284,0,0
4158208,0.07,0,0.0364118299714123,0,0
5014191,0.54,0,0.03637077748438395,0,0
4120790,0.47,0,0.03637031786540432,0,0
52867,1.0,0,0.03635714413719332,0,0
2123720,0.28,0,0.03635558701544199,0,0
1142302,0.49,0,0.03633331164990906,0,0
3064057,0.66,0,0.036328842559599304,0,0
6080626,0.2,0,0.036300056899575044,0,0
2220600,0.41,0,0.036279267994038675,0,0
6013067,0.28,0,0.03627241372938813,0,0
89280,0.04,0,0.03626646706076588,0,0
2286819,0.13,0,0.03624717917606103,0,0
2103828,0.18,0,0.03623650263667916,0,0
2156821,0.51,0,0.036230135574403986,0,0
3165160,0.1,0,0.0362230511907333,0,0
3033672,0.13,0,0.03618582091895004,0,0
168282,0.26,0,0.03618068619563045,0,0
3014510,0.71,0,0.036177745220245014,0,0
3246274,0.15,0,0.03614071809389013,0,0
3234055,0.24,0,0.03613535220132563,0,0
1156524,0.78,0,0.036117251731511424,0,0
4015192,0.45,0,0.03607149086841989,0,0
1141703,1.0,0,0.036067095319644256,0,0
165970,1.0,0,0.03606428326227993,0,0
6092488,0.24,0,0.036045773367944206,0,0
2277792,0.36,0,0.03600282683591665,0,0
4145108,0.79,0,0.035998359972410354,0,0
3002009,0.2,0,0.035997196789319785,0,0
4039603,0.19,0,0.03595075686228623,0,0
4179674,0.53,0,0.03593740929425931,0,0
5025516,0.2,0,0.035932057618172406,0,0
2209390,1.0,0,0.03591911431059961,0,0
1024133,0.18,0,0.03591655631961724,0,0
3173574,0.23,0,0.03590716124861603,0,0
2288522,0.08,0,0.03590253260980479,0,0
2112478,0.16,0,0.0358979368917176,0,0
4047943,0.41,0,0.03584110541142505,0,0
2001592,0.2,0,0.035813383153658104,0,0
3168915,1.0,0,0.03581274914171209,0,0
1035113,0.69,0,0.035801401919657666,0,0
5105256,0.12,0,0.03579659500870149,0,0
2089883,0.07,0,0.03574561538828842,0,0
3245128,0.07,0,0.03572670100628298,0,0
2219555,0.08,0,0.03571206643149203,0,0
1092630,0.18,0,0.03569809300649798,0,0
5016274,0.05,0,0.035696663965793296,0,0
130789,0.09,0,0.03568095138961084,0,0
3135215,0.07,0,0.03568047412415523,0,0
1003744,0.12,0,0.03560746298955053,0,0
157905,0.34,0,0.03558953977693815,0,0
1179778,0.49,0,0.035558875547498085,0,0
5070319,0.46,0,0.03547973088240743,0,0
2102835,0.17,0,0.03544560137466077,0,0
9674,0.18,1,0.03544506211335515,0,0
2108354,0.1,0,0.035416613260957464,0,0
4114596,0.2,0,0.03539734505814285,0,0
4178624,1.0,0,0.035355242499794534,0,0
3013218,0.28,0,0.03532452491002267,0,0
38388,0.11,0,0.03532137145190833,0,0
3236664,0.08,0,0.035312627176552584,0,0
86378,0.5,0,0.035287185390915334,0,0
6110849,0.12,0,0.035266929573006756,0,0
5022497,0.2,0,0.03510808379956204,0,0
5023409,0.8,0,0.03510052947443328,0,0
4158314,0.37,0,0.035071788427087074,0,0
6113237,0.07,0,0.0350704189865011,0,0
3148388,0.8,0,0.03506963567390196,0,0
140603,0.19,0,0.03501944781391983,0,0
2286628,0.58,0,0.03499133422434286,0,0
146864,0.19,0,0.034979844426371455,0,0
2218325,0.08,1,0.034895668738366845,0,0
2274666,0.08,0,0.03481810994726147,0,0
6103094,0.14,0,0.03481672547529245,0,0
3147375,0.24,0,0.03481125484897936,0,0
1156749,0.79,0,0.03476003073190611,0,0
144983,0.26,0,0.034757467608339386,0,0
4141861,1.0,0,0.03473160892967054,0,0
2258035,0.49,0,0.03473143808450711,0,0
6112112,0.06,0,0.03472692827390952,0,0
5083565,0.71,0,0.034705847010623715,0,0
3041919,0.04,0,0.03469074465128419,0,0
1178323,1.0,0,0.03468251036643358,0,0
4184684,0.42,0,0.03465274252714648,0,0
2100788,0.07,0,0.03465148520845842,0,0
3074052,1.0,0,0.03449272212324,0,0
2178269,1.0,0,0.03447160196191943,0,0
3109915,1.0,0,0.03445479776380797,0,0
5048120,0.13,0,0.03439461964130322,0,0
3137615,0.29,0,0.034353623154962216,0,0
1096849,0.1,0,0.034352248511658266,0,0
1126982,1.0,0,0.03434389230993716,0,0
2153668,0.42,0,0.03433705521026959,0,0
2273833,0.08,0,0.03430467524465106,0,0
3251969,0.08,0,0.03428475088402636,0,0
1178502,1.0,0,0.03427442304445749,0,0
2265814,0.08,0,0.03423070665122698,0,0
6082885,0.14,0,0.03418647652075899,0,0
4156226,0.58,0,0.03409686511320447,0,0
2039459,0.07,0,0.03408277023051082,0,0
4081772,0.2,0,0.034043959868369035,0,0
1090292,0.5,0,0.03396200015869539,0,0
6112304,0.1,0,0.03393586348288844,0,0
2052349,0.34,0,0.03387852567721972,0,0
5101680,0.11,0,0.033857117529370526,0,0
1088514,0.86,0,0.03385273197095759,0,0
2217531,0.08,0,0.033843703954147916,0,0
2206899,0.18,0,0.033780251503293744,0,0
69518,1.0,0,0.03374332249491314,0,0
2220794,0.41,0,0.03366658405414466,0,0
2010836,0.38,0,0.033628806574767106,0,0
5063097,0.03,0,0.03357104344370585,0,0
2277206,0.5,0,0.03345965073991458,0,0
6030114,0.32,0,0.03344135411120303,0,0
2191766,0.08,0,0.03343433829485203,0,0
2036014,0.28,0,0.03342271825307927,0,0
3157235,0.2,0,0.033362737280017735,0,0
6113808,0.17,0,0.0333564747966803,0,0
4053658,0.15,0,0.03335187905729723,0,0
5089529,0.24,0,0.03334535633325412,0,0
2266699,0.42,0,0.03330196584374825,0,0
3188762,0.94,0,0.03329935129798727,0,0
6097996,0.29,0,0.033299297001140746,0,0
4006333,0.14,0,0.03327946759411222,0,0
6024593,0.28,0,0.033257311494846925,0,0
2227017,0.33,0,0.03324463848551919,0,0
6013010,0.38,0,0.03323155742489298,0,0
2192022,0.12,0,0.03313823645099103,0,0
1014791,0.06,0,0.033056866169343516,0,0
1178822,0.96,0,0.03304777280439361,0,0
3171796,0.3,0,0.033034760056004926,0,0
3125697,0.84,0,0.03297391001815853,0,0
2280137,0.08,0,0.032958968547249654,0,0
4176722,0.26,0,0.032940760089648406,0,0
2053425,0.3,0,0.03293773453138242,0,0
1034107,0.13,0,0.03293345628338841,0,0
5092852,0.1,0,0.032903546069104735,0,0
4145721,0.74,0,0.032862592508210574,0,0
3204357,0.32,0,0.03285227029181604,0,0
2107816,0.11,0,0.03282938687955649,0,0
134200,0.14,0,0.0328127252240178,0,0
3144976,0.25,0,0.0327388396575437,0,0
4156718,0.03,0,0.03268230871189303,0,0
2276265,0.75,0,0.03262775154926739,0,0
4169175,0.05,0,0.032553354843311615,0,0
3034333,0.09,0,0.032489161284289234,0,0
173627,0.22,0,0.032486113738782484,0,0
4184027,0.07,0,0.03238356923386569,0,0
2271494,0.5,0,0.03233237524034992,0,0
1146828,0.27,0,0.032325946011031885,0,0
1122481,0.12,0,0.032310040088073394,0,0
2272002,0.5,0,0.03230178553122862,0,0
3249550,0.08,0,0.03225533770400298,0,0
2112073,1.0,0,0.032209439200996046,0,0
2007633,0.21,0,0.03217355057080577,0,0
2227063,0.33,0,0.03215892988743117,0,0
141712,0.52,0,0.03212036344550105,0,0
1187732,0.5,0,0.032093106932767936,0,0
1126946,0.26,0,0.032072406493064046,0,0
1167903,0.54,0,0.032051206597716084,0,0
1073536,1.0,0,0.031993614972737436,0,0
3062274,0.33,0,0.03199271593450586,0,0
27910,0.49,0,0.0319708915646459,0,0
2131757,0.13,0,0.03192773981824094,0,0
34561,0.17,0,0.0318889083546493,0,0
1088247,1.0,0,0.031857535553113714,0,0
1172598,0.36,0,0.03183996622366362,0,0
1134836,0.08,0,0.03177874748959795,0,0
3001961,0.2,0,0.03173869357303222,0,0
3022339,0.03,0,0.031727181834640315,0,0
3238507,0.08,0,0.03167866996904215,0,0
1190275,0.49,0,0.031639172900623534,0,0
174003,0.23,0,0.03162324193214204,0,0
3054169,0.5,0,0.0315629899184411,0,0
71840,0.24,0,0.0314854300503913,0,0
1095960,0.12,0,0.03148298855722312,0,0
1197565,0.49,0,0.03143576139368049,0,0
4011345,0.2,0,0.031423222623150636,0,0
5025828,0.05,0,0.03136365087527257,0,0
39246,0.14,0,0.03133802125874809,0,0
2193501,0.7,0,0.031321363704493496,0,0
2135976,0.15,0,0.031317275566246076,0,0
3177789,0.24,0,0.031257912784070974,0,0
3124140,0.66,0,0.03125566723638389,0,0
3240103,0.16,0,0.03118919728493405,0,0
2224165,0.08,0,0.031179742441176442,0,0
2126287,0.06,0,0.031115294950298137,0,0
4146913,0.24,1,0.031064125997595428,0,0
2246529,0.26,0,0.03104277039210372,0,0
2281461,0.5,0,0.030940501374887415,0,0
53034,0.06,0,0.030928781092136693,0,0
101087,0.07,0,0.030901526094379503,0,0
5027702,0.08,0,0.030853557599335897,0,0
2256793,1.0,0,0.03083499991038428,0,0
5105943,0.11,0,0.03082665853432158,0,0
2183885,0.24,0,0.030814349913763358,0,0
3240191,0.16,0,0.030763972345375836,0,0
2216372,0.2,0,0.03075917415942836,0,0
6049657,0.17,0,0.03075551301620675,0,0
2225638,0.08,0,0.03071675755751955,0,0
4018976,0.09,0,0.03068142904020412,0,0
1039263,0.16,0,0.030634676962210887,0,0
6114175,0.03,0,0.03048388286044673,0,0
4144173,0.73,0,0.030467254518702393,0,0
1155727,0.16,0,0.03046617506729188,0,0
2076921,0.26,0,0.030465885165139726,0,0
4141199,0.15,0,0.030341486778541787,0,0
1097423,0.21,1,0.030239877784876846,0,0
34054,0.14,0,0.030223102004694063,0,0
4165032,0.52,0,0.030207473798918638,0,0
3055778,0.04,0,0.03013642932864014,0,0
3203463,0.18,0,0.03010830617451921,0,0
4181653,0.31,0,0.030053167062822333,0,0
3044000,0.05,0,0.030012475708066644,0,0
4123354,0.2,0,0.030007135077020942,0,0
3232623,0.24,0,0.029956244193569327,0,0
2285304,0.08,0,0.029952600015147036,0,0
1028388,0.19,0,0.029934592781550837,0,0
3059304,0.39,0,0.02977923888978865,0,0
1119125,0.69,0,0.029750590091446764,0,0
3247633,0.08,0,0.029727902997798875,0,0
6024921,0.28,0,0.029715448461973375,0,0
3112017,0.14,0,0.02965134611982565,0,0
6090362,0.16,0,0.029640332435770064,0,0
1077422,0.7,0,0.02955284019950196,0,0
6048619,0.15,0,0.02950509384165193,0,0
1016550,0.06,0,0.02942148187626709,0,0
2220689,0.41,0,0.02938277625104713,0,0
4164136,0.42,0,0.029296724049409036,0,0
4160649,0.24,0,0.029219276637276026,0,0
2022402,0.04,0,0.0292162557370363,0,0
2274122,0.08,0,0.02918682022652126,0,0
2094204,0.15,0,0.029091092206501818,0,0
2160754,0.38,0,0.029067262983137207,0,0
2228605,0.08,0,0.029031563082869298,0,0
6081663,0.12,0,0.029003002645005674,0,0
4180571,0.19,0,0.02898376361501238,0,0
155003,0.4,1,0.02890745476011624,0,0
2283982,0.08,0,0.028811816014288723,0,0
1003623,0.12,0,0.028732077872654707,0,0
4135724,0.16,0,0.02871741354926648,0,0
1016004,0.1,0,0.028711785986044704,0,0
99790,0.06,0,0.02870756866598462,0,0
3139362,0.13,0,0.028697605496458264,0,0
2216820,0.08,0,0.028688050027238614,0,0
5067805,0.06,0,0.028668575837506677,0,0
1176260,0.75,0,0.028625391052082772,0,0
2150120,0.44,0,0.02862383813969874,0,0
4183584,0.44,0,0.02861400323854812,0,0
4077455,0.21,0,0.02860470476879793,0,0
4183434,0.02,0,0.028500252721406227,0,0
4133937,0.37,0,0.02849202587073777,0,0
2211189,0.32,0,0.028490758365811365,0,0
2221775,0.25,0,0.02848788592418599,0,0
3234650,0.24,0,0.028481259406341407,0,0
4166976,0.06,0,0.028473531406026112,0,0
1177498,0.07,0,0.028457134982629206,0,0
5099582,0.06,0,0.02839781724738703,0,0
6050164,0.12,0,0.028351329951256124,0,0
5000486,0.12,0,0.02833057626879197,0,0
53363,0.01,0,0.028291823425055804,0,0
61111,0.32,0,0.028274719637913764,0,0
6087541,0.05,0,0.028263904716701618,0,0
3044174,0.04,0,0.028247352060461063,0,0
2176217,0.11,0,0.028218267330744617,0,0
4143249,0.5,0,0.028216342755560554,0,0
1124884,0.09,0,0.02813086683535333,0,0
2040341,0.08,0,0.02802521623216414,0,0
3150826,0.17,1,0.02799371020969741,0,0
3193504,0.58,0,0.027968391138286502,0,0
3087453,0.1,0,0.027967687419870834,0,0
2216177,0.27,0,0.027966203375283483,0,0
5102991,0.12,0,0.027954141053191398,0,0
3237129,0.08,0,0.027942597559775982,0,0
3131958,0.04,0,0.027906634488563287,0,0
1197040,0.5,0,0.02780713739063292,0,0
2264240,1.0,0,0.02772646065172831,0,0
31106,0.1,1,0.027690550667151946,0,0
6035123,0.15,0,0.02768248130389743,0,0
152524,0.08,0,0.027660216230484556,0,0
2223254,0.08,0,0.02764107799895391,0,0
6016338,0.21,0,0.02759887538519525,0,0
2220271,0.49,0,0.02744782835963316,0,0
4064829,0.04,0,0.027392121694148563,0,0
2075936,0.16,0,0.02733458720566711,0,0
3167933,0.16,0,0.027333092911573497,0,0
2194827,0.19,0,0.027269978093243497,0,0
4010460,0.12,0,0.027130305014491336,0,0
2001327,0.12,0,0.027051075977072788,0,0
6022594,0.28,0,0.027019935879637694,0,0
4173078,0.27,0,0.027017548552225712,0,0
3059432,0.07,0,0.02699469476099379,0,0
2073758,0.05,0,0.02699284809525142,0,0
3239007,0.08,0,0.026985291864900444,0,0
2231572,0.11,0,0.026980466169234663,0,0
3250240,0.08,0,0.026963326646101852,0,0
2281053,0.66,0,0.026954794652912683,0,0
4040056,0.17,0,0.026946253733615134,0,0
3233630,0.24,0,0.026931753251715942,0,0
3032804,0.05,0,0.026809789492024314,0,0
2010958,0.03,0,0.026753125840474273,0,0
2262928,0.5,0,0.02672400161457781,0,0
74567,0.33,0,0.02671758182692508,0,0
3248840,0.08,0,0.026690200849713155,0,0
4150826,0.13,0,0.026663956277564287,0,0
2211242,0.25,0,0.026634893323081065,0,0
1125184,0.04,0,0.02658125715243199,0,0
3034497,0.05,0,0.026571796094124082,0,0
6087502,0.19,0,0.02641641507200583,0,0
6014709,0.05,0,0.026403591162477834,0,0
81904,0.1,0,0.0263925461249682,0,0
4065493,0.08,0,0.02635795592251785,0,0
6110501,0.07,0,0.026315902960061924,0,0
3030361,0.04,0,0.026309630456977744,0,0
2276259,0.75,0,0.026215353171363295,0,0
3085668,0.13,0,0.026190751714988834,0,0
5026693,0.07,0,0.0261898892817987,0,0
2230806,0.08,0,0.02617188524352956,0,0
3193106,0.14,0,0.02616048995811987,0,0
3250695,0.08,0,0.02614418863444173,0,0
3169914,0.22,0,0.026137155345276136,0,0
5039092,0.21,0,0.02609364058518229,0,0
73351,0.16,0,0.026065455990304326,0,0
77570,0.28,0,0.026015594945857194,0,0
30946,0.09,0,0.02596913836909524,0,0
2289441,0.08,0,0.02591633489182405,0,0
4049988,0.12,0,0.025877651822500115,0,0
4008153,0.12,0,0.02576477323685068,0,0
4173743,0.04,0,0.025693902276205324,0,0
2259809,0.07,0,0.025639031203315878,0,0
5096231,0.09,0,0.025634759160695676,0,0
1197548,0.33,0,0.02562881737103604,0,0
4186830,0.23,0,0.02562809355256742,0,0
4144925,0.09,0,0.02559214363204108,0,0
6046481,0.08,0,0.02555957382724921,0,0
1092183,0.3,0,0.02550522162294759,0,0
2220095,0.24,0,0.02542548778428124,0,0
2288885,0.08,0,0.025390849755984532,0,0
2222834,0.08,0,0.02536598873712393,0,0
3037249,0.11,0,0.02534825451792438,0,0
20825,0.02,1,0.02528463455854623,0,0
2006656,0.29,0,0.02526729120693174,0,0
5057944,0.5,0,0.025264646727126285,0,0
2280150,0.08,0,0.025258213739626983,0,0
4052845,0.07,0,0.02524183859273076,0,0
5010008,0.12,0,0.025154141345042846,0,0
2206391,0.1,0,0.025050705068573865,0,0
143310,0.08,0,0.024930922304768652,0,0
26785,0.9,0,0.024923513491126648,0,0
6043112,0.04,0,0.024869261272946388,0,0
4136042,1.0,0,0.024842948375792196,0,0
2287613,0.08,0,0.024822728147998255,0,0
4162578,0.18,0,0.024773018930560903,0,0
6005583,0.12,0,0.02476128816762338,0,0
178197,0.21,0,0.024723103268450643,0,0
5095815,0.07,0,0.02467241210758101,0,0
1193800,0.08,0,0.02466964527252913,0,0
5108102,0.06,0,0.02465515758326397,0,0
2187776,0.12,0,0.024524613152685663,0,0
2284945,0.08,0,0.024299168413332597,0,0
3145405,0.13,0,0.024298338349466715,0,0
5095032,0.08,0,0.024164514331709557,0,0
49369,0.08,0,0.024132321886306433,0,0
2279812,0.08,0,0.024111352005450278,0,0
162215,0.16,0,0.024057275919097565,0,0
2216531,0.21,0,0.023881054839539746,0,0
5019972,0.04,0,0.02383152090795322,0,0
2090465,0.02,0,0.023829702614787535,0,0
2039899,0.03,0,0.023819394265377578,0,0
3108025,0.04,0,0.023802465142249415,0,0
1029483,0.13,0,0.02376476418458995,0,0
3033121,0.04,0,0.023755950079321388,0,0
3238685,0.08,0,0.023739442301374664,0,0
5039202,0.0082191780821917,0,0.023738859224320983,0,0
2287084,0.08,0,0.023726800433431915,0,0
3016273,0.06,0,0.023725100514096965,0,0
6074590,0.18,0,0.02372115258440529,0,0
2269939,0.08,0,0.023676354982654732,0,0
2109400,0.19,0,0.023668435259461797,0,0
2066236,0.21,0,0.023641825355625125,0,0
4063323,0.18,0,0.023604082302440224,0,0
4182714,0.1,0,0.02354056251411019,0,0
4047451,0.05,0,0.023539743460449954,0,0
2123534,0.2,1,0.023526318548536172,0,0
4187451,0.49,0,0.023500699789494914,0,0
4117118,0.17,0,0.023478740160864597,0,0
2209619,0.12,0,0.02337824077290218,0,0
5046194,0.08,0,0.02335515470395472,0,0
4130611,0.3,0,0.023352169078185398,0,0
2061501,0.16,0,0.023349416637102535,0,0
2120553,0.07,0,0.023345182577665654,0,0
4137996,0.17,0,0.02334050880328875,0,0
1122181,0.12,0,0.023327556388113287,0,0
5093361,0.04,0,0.023319020527087043,0,0
2218120,0.08,0,0.023292101363817052,0,0
5009879,0.03,0,0.023289515053853602,0,0
5098306,0.12,0,0.0232791154927551,0,0
3238806,0.08,0,0.023211499070107326,0,0
1044898,0.04,0,0.023078884002364398,0,0
52272,0.24,0,0.023044297371949008,0,0
4014089,0.05,0,0.02286615166136847,0,0
3242733,0.07,0,0.02285253847267884,0,0
114964,0.19,0,0.022832989361242333,0,0
2225494,0.08,0,0.022781285289361373,0,0
152967,0.11,0,0.022758466694868716,0,0
2273928,0.08,0,0.022748634320485187,0,0
1034100,0.05,0,0.022737182919763788,0,0
6080442,0.12,0,0.02266988836169037,0,0
5088327,0.1,0,0.02264912531368054,0,0
2127226,0.16,0,0.02248440359244475,0,0
3125360,0.15,0,0.022454342527863304,0,0
3238893,0.08,0,0.02235131516223093,0,0
2006459,0.13,0,0.022319431697647774,0,0
2037759,0.08,0,0.02228748129709238,0,0
5083874,0.05,0,0.02228544625415364,0,0
85111,0.1,0,0.022211343719042754,0,0
1059859,0.3,0,0.022184387440896732,0,0
2241693,0.54,0,0.02212037835824966,0,0
3252153,0.08,0,0.022050885511593073,0,0
2219376,0.08,0,0.022036803956638817,0,0
3241197,0.24,0,0.021929073251070297,0,0
114326,0.05,0,0.02189057089304654,0,0
2194833,0.09,0,0.021886299803835853,0,0
3008368,0.12,0,0.021871056884458426,0,0
1083465,0.06,0,0.021857820525792597,0,0
4076379,0.12,0,0.02184420983464189,0,0
2020864,0.04,0,0.021795804844000833,0,0
2274263,0.08,0,0.021794279086664897,0,0
5049907,0.04,0,0.0216845613369019,0,0
107120,0.0054644808743169,0,0.021636670131629083,0,0
3236893,0.08,0,0.021635111183762244,0,0
2002518,0.07,0,0.021613070707435903,0,0
3248931,0.08,0,0.02154742281319884,0,0
2096189,0.12,0,0.021493332074444108,0,0
1016377,0.08,0,0.021422887563370543,0,0
5109647,0.02,0,0.02137385362429723,0,0
66037,0.12,0,0.02137101315150313,0,0
4068130,0.03,0,0.021332128585209435,0,0
2264908,0.08,0,0.021330540474165122,0,0
5782,0.06,1,0.02129586094853338,0,0
70797,0.07,0,0.021240889531127568,0,0
4019367,0.04,0,0.02120884101520858,0,0
3957,0.05,1,0.021202476963905318,0,0
2228009,0.08,0,0.021198950729260636,0,0
1166959,0.03,0,0.021177607075056736,0,0
2218918,0.08,0,0.02117563645850038,0,0
1175187,0.07,0,0.02117538184479657,0,0
3021334,0.04,0,0.021144140321706136,0,0
3244274,0.07,0,0.021128795286934128,0,0
2214016,0.08,0,0.02112070121501861,0,0
1191168,0.42,0,0.020965413506374445,0,0
4036899,0.0027322404371584,0,0.02094736072098216,0,0
4130719,1.0,0,0.02089875766913722,0,0
1112568,0.07,0,0.020870102821032067,0,0
2273944,0.08,0,0.02083363038926796,0,0
5075228,0.12,0,0.020656809566963794,0,0
3250797,0.08,0,0.020628891810151106,0,0
2114648,0.04,0,0.020608172122480603,0,0
1007167,0.3,0,0.020568467170884678,0,0
1157899,0.04,0,0.020549930983886428,0,0
6019942,0.15,0,0.020549309355228553,0,0
2166932,0.05,0,0.020538248491219022,0,0
4077606,0.04,0,0.020490852869708132,0,0
147244,0.11,0,0.020483522979772933,0,0
5015257,0.12,0,0.020209126656464387,0,0
3241762,0.24,0,0.020181311931617877,0,0
2283396,0.08,0,0.020169656192123925,0,0
2274579,0.08,0,0.020141336344395813,0,0
3059272,0.08,0,0.020097830952794167,0,0
3036699,0.01,0,0.02009529295637541,0,0
3246880,0.08,0,0.020062105986324026,0,0
5083375,0.03,0,0.01996344662843036,0,0
4137131,0.08,0,0.019917150395785566,0,0
94388,0.09,0,0.01988881466029598,0,0
1195888,0.08,0,0.019875610776656505,0,0
717,0.03,1,0.019769941910408602,0,0
4162463,0.02,0,0.019712866419310138,0,0
3252116,0.08,0,0.01969046313893011,0,0
3199140,0.09,0,0.019674030268279477,0,0
2270273,0.08,0,0.0196610747407049,0,0
2224124,0.08,0,0.01964623301371066,0,0
2218015,0.08,0,0.019616712769851538,0,0
3246050,0.07,0,0.019564010866888807,0,0
2168788,0.23,0,0.01956253216528693,0,0
3243624,0.07,0,0.019460620804013836,0,0
3252616,0.08,0,0.01943952421246604,0,0
1093058,0.05,0,0.01942318453990125,0,0
1124256,0.1,0,0.019400908537163402,0,0
2034965,0.04,1,0.019327675674860816,0,0
6109537,0.03,0,0.01930575304937698,0,0
6055481,0.03,0,0.01927998059430602,0,0
2269381,0.08,0,0.019152434148025022,0,0
4075344,0.12,0,0.019150817395328347,0,0
3246293,0.15,0,0.0191052982102487,0,0
1014061,0.02,0,0.019083970456463605,0,0
5080230,0.15,0,0.01902889027624242,0,0
4168091,0.09,0,0.0188067463625518,0,0
2028206,0.06,0,0.01876195377978587,0,0
2279424,0.08,0,0.01875212076433152,0,0
5009481,0.03,0,0.018729263832186396,0,0
3021745,0.04,0,0.018666262486612538,0,0
3071118,0.04,0,0.01864186622948726,0,0
3235859,0.08,0,0.0186361214031864,0,0
2224929,0.08,0,0.01854221806708451,0,0
4007391,0.03,0,0.01854166750523421,0,0
3059726,0.05,0,0.01849122603759349,0,0
3250905,0.08,0,0.018489070487211014,0,0
3193990,0.08,0,0.01847902765237117,0,0
2224062,0.08,0,0.018406717985115586,0,0
6055612,0.02,0,0.01834679985770886,0,0
4000478,0.12,0,0.018330928743573515,0,0
3249749,0.08,0,0.018305475301547074,0,0
3033303,0.02,0,0.01825806870548381,0,0
3166116,0.04,0,0.018215040990828598,0,0
5094389,0.06,0,0.018210433140019456,0,0
5008396,0.04,0,0.01805557070989073,0,0
2278468,0.08,0,0.018050253924251896,0,0
3022939,0.03,0,0.017891133495470404,0,0
6020693,0.03,0,0.01787165865653326,0,0
2217294,0.08,0,0.017853096590621242,0,0
1131022,0.2,0,0.01784109498715458,0,0
2284082,0.08,0,0.017754756632044642,0,0
1016512,0.01,0,0.01767753107890051,0,0
1035994,0.03,0,0.017645748295678144,0,0
4134154,0.12,0,0.017600511034278246,0,0
3029900,0.01,0,0.017597940119204993,0,0
5066014,0.12,0,0.017595475361985014,0,0
6107899,0.03,0,0.017521946978646626,0,0
159439,0.0081967213114754,0,0.01742218075033294,0,0
4141950,0.05,0,0.017360328998077653,0,0
3252640,0.08,0,0.017309112901315017,0,0
3124181,0.02,0,0.017303302121431795,0,0
2200246,0.13,0,0.017233688012185656,0,0
6007341,0.03,0,0.01718916399648417,0,0
2285202,0.08,0,0.01710348521462683,0,0
2213849,0.08,0,0.01710348521462683,0,0
2274204,0.08,0,0.01704972516774638,0,0
6103081,0.08,0,0.017040713003691026,0,0
1091529,0.01,0,0.01701678832580141,0,0
2095701,0.1,0,0.01699409035989446,0,0
5045860,0.04,0,0.01693668017105011,0,0
1043646,0.02,0,0.01692353249139911,0,0
5077759,0.04,0,0.016911295795887793,0,0
102141,0.17,0,0.016757472305505606,0,0
3117299,0.09,0,0.01673376017471378,0,0
2283852,0.08,0,0.016672278744397053,0,0
4065615,0.02,0,0.016646978199001693,0,0
1014785,0.01,0,0.01663087383571155,0,0
105617,0.12,0,0.016584036423107507,0,0
2020235,0.04,0,0.016566507859731544,0,0
5094434,0.02,0,0.01632461985275299,0,0
1107623,0.04,0,0.01619959547418843,0,0
4151829,0.16,0,0.01607260704153419,0,0
3246562,0.12,0,0.01605272492659521,0,0
3174856,0.05,0,0.016035096997235588,0,0
1013055,0.03,0,0.016024771027067952,0,0
3090094,0.04,0,0.016021750508377477,0,0
5078750,0.03,0,0.015991202606788657,0,0
2287578,0.08,0,0.01598905952217587,0,0
4043586,0.03,0,0.01595786261609832,0,0
4148611,0.07,0,0.01584231574742909,0,0
4000149,0.03,0,0.015771253216071833,0,0
2178802,0.07,0,0.01574708598806065,0,0
3245132,0.07,0,0.01570887839213656,0,0
2216673,0.08,0,0.015675235979787178,0,0
2284023,0.08,0,0.015664878728851347,0,0
3248549,0.09,0,0.015642745185047616,0,0
5089306,0.02,0,0.01563117708833878,0,0
1005589,0.01,0,0.015599605306266863,0,0
62860,0.02,0,0.015456328578100583,0,0
2144517,0.03,0,0.015313945838807954,0,0
2231035,0.08,0,0.015312826695906168,0,0
4125613,0.02,0,0.015147900632012126,0,0
2259288,0.07,0,0.015136056697630502,0,0
4025642,0.03,0,0.015100330223024967,0,0
3249510,0.08,0,0.015052064174977986,0,0
1024977,0.05,0,0.015051454288671644,0,0
6044309,0.02,0,0.014979884295111457,0,0
3241967,0.07,0,0.014931727948958067,0,0
4128961,1.0,0,0.014758384252135418,0,0
3132543,0.02,0,0.014745742298079246,0,0
4011581,0.03,0,0.014737378128766934,0,0
4013764,0.0081967213114754,0,0.014632481819819947,0,0
5035898,0.0054794520547945,0,0.014622245716520588,0,0
3236533,0.08,0,0.014459209362463664,0,0
4135547,0.07,0,0.014408818630221764,0,0
3237978,0.08,0,0.014313215939348218,0,0
4009824,0.03,0,0.014285850358607348,0,0
2225021,0.08,0,0.014263109556421854,0,0
4173468,0.07,0,0.014200516525991164,0,0
2083469,0.04,0,0.014159844741621758,0,0
4044143,0.0054644808743169,0,0.014145474819975268,0,0
67068,0.0054644808743169,0,0.014124086919776657,0,0
3247617,0.08,0,0.01409752735085969,0,0
2273598,0.08,0,0.013885301483658232,0,0
2183923,0.06,0,0.013826696819495766,0,0
3140194,0.11,0,0.013824607515240638,0,0
2257516,0.08,0,0.013749174862714895,0,0
3002293,0.02,0,0.013540201944060396,0,0
4183887,0.04,0,0.013477656246959313,0,0
97576,0.0027322404371584,0,0.013378981887246682,0,0
4131888,0.03,0,0.013309818279148898,0,0
4034363,0.01,0,0.013098018631674258,0,0
2231030,0.08,0,0.013000211324287504,0,0
2133003,0.06,0,0.012870921603477716,0,0
3212654,0.01,0,0.012671665352429624,0,0
2289254,0.08,0,0.01255275007302655,0,0
51899,0.03,0,0.012366360803701903,0,0
2087688,0.02,0,0.012252409546416838,0,0
101597,0.0027322404371584,0,0.011917823036613996,0,0
55790,0.01,0,0.011665501548982802,0,0
3165200,0.0082191780821917,0,0.011634183889910605,0,0
71399,0.03,0,0.011556239189507189,0,0
4029092,0.01,0,0.011445314338471416,0,0
2125386,0.01,0,0.01140295655900999,0,0
3151124,0.0027397260273972,0,0.011340305353168625,0,0
3169531,0.0027397260273972,0,0.011177198744335476,0,0
4031771,0.01,0,0.011146205600218392,0,0
2279070,0.08,0,0.010980069298286587,0,0
3149299,0.0027397260273972,0,0.010919111926827756,0,0
2091128,0.0082191780821917,0,0.010650874291297283,0,0
4184012,0.0054644808743169,0,0.010614276708151264,0,0
2086104,0.01,0,0.009795102120893791,0,0
3123516,0.0082191780821917,0,0.009691703541282293,0,0
105629,0.03,0,0.009464962668905183,0,0
1114502,0.0054794520547945,0,0.009090900802639855,0,0
4016932,0.0054644808743169,0,0.00856368368986663,0,0
4166628,0.02,0,0.008402761190499415,0,0
4149982,0.0054644808743169,0,0.008262045893787862,0,0
2113112,0.0027397260273972,0,0.00787156621595751,0,0
121863,0.01,0,0.007771448729530929,0,0
5069637,0.0054794520547945,0,0.007770827115834697,0,0
4168988,0.0027322404371584,0,0.007663320911940359,0,0
3175579,0.01,0,0.007467099869981491,0,0
2136572,0.0027397260273972,0,0.0065443984999100195,0,0
3132183,0.0027397260273972,0,0.004723493739545563,0,0
